artifact,task,relation,dose,n_seeds,point_mean,ci_low,ci_high,positive_rate
phase0_tf_bbbp_stereo_changed_aff82_d20,bbbp,exact,20,12,0.05004716434556783,-0.030983715650210485,0.13747778145934775,0.88425
phase0_tf_confirm_top_len158_extra,bace,random,1,4,0.026295628766033065,-0.06283333645347089,0.11198177429036299,0.72775
phase0_tf_aff128_probe,tox21_mmp,parent,1,12,0.023047286200149963,-0.01151237658735573,0.05763930237201455,0.90025
phase0_gru_bbbp_stereo_changed_aff82_d20_lowtrain05,bbbp,exact,20,12,0.018245946598267008,-0.004866960187445136,0.06738831322810258,0.801
phase0_tf_bbbp_stereo_changed_aff82_d20,bbbp,random,20,12,0.0157217065839866,-0.06118131867641038,0.0779490925328602,0.6565
phase0_tf_aff128_probe,tox21_are,exact,20,4,0.0154569559528373,-0.031698251621673036,0.06507644180881311,0.74375
phase0_tf_aff128_probe,bbbp,random,20,4,0.014929703313660307,-0.010674503498360556,0.04736158939962107,0.83925
phase0_tf_confirm_top_len158_extra,bbbp,random,20,12,0.014381347832018011,-0.012979355390073319,0.04124462699022493,0.85125
phase0_tf_confirm_top_len158_extra,tox21_mmp,parent,1,12,0.014210669222014879,-0.04321513378561021,0.07259192192267182,0.691
phase0_tf_bbbp_stereo_changed_aff82_d20,bbbp,stereo,20,12,0.012741922029529331,-0.058578467152639827,0.08631471820041406,0.61575
phase0_tf_confirm_top_len158_extra,tox21_ahr,random,1,12,0.012453391399954094,-0.03425987922865659,0.05877800052039598,0.68475
phase0_tf_confirm_top_len158_extra,hiv,exact,20,12,0.011747890687174113,-0.02602749064245575,0.05222018839279075,0.75075
phase0_tf_confirm_top_len158_extra,tox21_are,exact,20,12,0.009836609432501068,-0.02857969563792691,0.04595657169313967,0.7025
phase0_tf_confirm_top_len158_extra,tox21_ahr,exact,20,12,0.00914713697159402,-0.06741008813279685,0.0737976116773699,0.627
phase0_tf_aff128_probe,hiv,exact,20,4,0.008114461345000993,-0.055535018500912685,0.06350829413312607,0.55675
phase0_tf_aff128_probe,tox21_ahr,exact,20,4,0.007083915413259246,-0.03502595258912432,0.05831229144978187,0.56675
phase0_tf_bbbp_stereo_changed_aff82_d20_lowtrain05,bbbp,stereo,20,24,0.006092690313492482,-0.026482058310644967,0.03779420107801101,0.6365
phase0_tf_bbbp_stereo_changed_aff82_d20_lowtrain05,bbbp,exact,20,24,0.00570690821916834,-0.023764112525741832,0.03290387774108548,0.652
phase0_tf_confirm_top_len158_extra,sider_gastro,exact,1,12,0.004527459774857701,-0.015604618431961419,0.029397637781402544,0.644
phase0_tf_mmp_aff128_isolated,tox21_mmp,parent,1,12,0.00420169698842198,-0.03041309420294321,0.03721456573285627,0.57375
phase0_tf_bbbp_stereo_changed_aff82_d20_lowtrain05,bbbp,random,20,12,0.0037543197330174613,-0.034186040676372056,0.043272644551581016,0.56475
phase0_tf_bbbp_stereo_changed_aff82_d20_lowtrain25,bbbp,stereo,20,12,0.0035343630376303893,-0.045941876780106264,0.05531242974367067,0.5785
phase0_tf_mmp_stereo_changed_aff128_d20,tox21_mmp,exact,20,12,0.0030572971157819227,-0.025510180197904162,0.02998389664500892,0.5985
phase0_gin_bbbp_stereo_changed_aff82_d20_lowtrain05,bbbp,stereo,20,12,0.0028235565687557973,-0.06626126934333802,0.0659455786390359,0.5515
phase0_tf_confirm_top_len158_extra,clintox_tox,exact,1,4,0.002118952190264675,-0.013166416623481716,0.017921043719187162,0.61975
phase0_tf_confirm_top_len158_extra,hiv,random,20,4,0.0013814228739406232,-0.07187582452043852,0.05360115947507109,0.46125
phase0_tf_confirm_top_len158_extra,tox21_mmp,exact,1,12,0.00039000393752875096,-0.043933146150229176,0.04482567102845083,0.4965
phase0_tf_mmp_stereo_changed_aff128_d20,tox21_mmp,stereo,20,12,0.0001622873764525086,-0.025817979964529017,0.025755345228357825,0.51375
phase0_gru_bbbp_stereo_changed_aff82_d20_lowtrain05,bbbp,random,20,12,-0.0014170493043940285,-0.008434201843767466,0.00548686811675987,0.34525
phase0_tf_mmp_aff128_isolated,tox21_mmp,exact,1,12,-0.0024709288570948446,-0.036489803125540544,0.0317802992958671,0.433
phase0_tf_aff128_probe,tox21_mmp,exact,1,12,-0.0029149147720902214,-0.035542211670529095,0.0302240151521901,0.4285
phase0_tf_bbbp_stereo_changed_aff82_d20_lowtrain02,bbbp,exact,20,12,-0.003907522877657509,-0.032582055489342406,0.022504478921569645,0.397
phase0_gru_bbbp_stereo_changed_aff82_d20_lowtrain05,bbbp,stereo,20,12,-0.004093824932090719,-0.008312405408966772,0.0002854557577094937,0.03475
phase0_tf_confirm_top_len158_extra,hiv,parent,5,4,-0.005236922782716545,-0.06745530598140465,0.061490848550141274,0.4115
phase0_tf_confirm_top_len158_extra,bbbp,stereo,5,12,-0.005276472486484557,-0.02902651531527748,0.018718199515049713,0.32775
phase0_tf_confirm_top_len158_extra,clintox_fda,stereo,1,4,-0.005558054765943286,-0.021646246797583476,0.007291748162144343,0.1995
phase0_tf_confirm_top_len158_extra,bbbp,parent,5,4,-0.00681212199559114,-0.04695796887709365,0.03679818625780209,0.37075
phase0_tf_bbbp_stereo_changed_aff82_d20_lowtrain25,bbbp,exact,20,12,-0.008278748179299427,-0.06335288787791167,0.05574123611995398,0.41425
phase0_tf_confirm_top_len158_extra,sider_gastro,random,1,12,-0.009530124055497772,-0.040442644668941034,0.012430774462847176,0.2245
phase0_tf_bbbp_stereo_changed_aff82_d20_lowtrain02,bbbp,stereo,20,12,-0.010698572204294097,-0.04134619748151559,0.020076385551957898,0.246
phase0_tf_confirm_top_len158_extra,sider_gastro,tautomer,5,4,-0.0109824938195399,-0.05946455981641871,0.029059584349798027,0.32725
phase0_tf_confirm_top_len158_extra,tox21_mmp,random,5,4,-0.011443070278772356,-0.08884142527883607,0.043657968429891565,0.39275
phase0_gin_bbbp_stereo_changed_aff82_d20_lowtrain05,bbbp,random,20,12,-0.01296599534783952,-0.0817046080641682,0.04764665645763484,0.368
phase0_tf_confirm_top_len158_extra,tox21_are,random,1,4,-0.015807989346385408,-0.08957712824161368,0.03055214773516824,0.37
phase0_tf_aff128_probe,tox21_ahr,random,1,4,-0.01860365311203826,-0.05656575489103779,0.01233169175670283,0.122
phase0_gin_bbbp_stereo_changed_aff82_d20_lowtrain05,bbbp,exact,20,12,-0.01935536608120703,-0.08216577025631759,0.035372375618684046,0.272
phase0_tf_confirm_top_len158_extra,tox21_are,stereo,5,4,-0.021362107518067646,-0.11962081600453076,0.06854398428145861,0.32325
phase0_tf_bbbp_stereo_changed_aff82_d20_lowtrain25,bbbp,random,20,12,-0.02735250273568075,-0.09323277485904855,0.036645657096100744,0.20625
phase0_tf_confirm_top_len158_extra,bace,exact,20,4,-0.03302656401990776,-0.1058081022473868,0.00860669242234677,0.076
phase0_tf_confirm_top_len158_extra,tox21_mmp,stereo,20,4,-0.040154744085347055,-0.15240615582978437,0.049300087397024975,0.20225
phase0_tf_confirm_top_len158_extra,clintox_fda,parent,20,4,-0.0455903358685995,-0.15305117890880887,0.011467907816858509,0.12225

