artifact,task,relation,dose,n_seeds,did_label_adjusted_minus_decoy_mean,did_label_adjusted_minus_decoy_boot_ci_low,did_label_adjusted_minus_decoy_boot_ci_high,equivalence_status_eps_0.01,equivalence_status_eps_0.02
phase0_tf_bbbp_stereo_changed_aff82_d20,bbbp,exact,20,12,0.0500471643455678,-0.0167982740228492,0.1119911798118846,inconclusive,inconclusive
phase0_tf_confirm_top_len158_extra,bace,random,1,4,0.026295628766033,-0.0550205301985785,0.1103450009135575,inconclusive,inconclusive
phase0_tf_aff128_probe,tox21_mmp,parent,1,12,0.0230472862001499,-0.0022249704272895,0.0475894948027454,inconclusive,inconclusive
phase0_gru_bbbp_stereo_changed_aff82_d20_lowtrain05,bbbp,exact,20,12,0.018245946598267,-0.0033797636785927,0.0561131512784077,inconclusive,inconclusive
phase0_tf_bbbp_stereo_changed_aff82_d20,bbbp,random,20,12,0.0157217065839866,-0.0417329462785472,0.057272523379958,inconclusive,inconclusive
phase0_tf_aff128_probe,tox21_are,exact,20,4,0.0154569559528373,-0.0143160096940365,0.0452299215997111,inconclusive,inconclusive
phase0_tf_aff128_probe,bbbp,random,20,4,0.0149297033136603,-0.0066486555100149,0.0389098339974365,inconclusive,inconclusive
phase0_tf_confirm_top_len158_extra,bbbp,random,20,12,0.014381347832018,-0.0062777503333633,0.0335826905529129,inconclusive,inconclusive
phase0_tf_confirm_top_len158_extra,tox21_mmp,parent,1,12,0.0142106692220148,-0.0321068291870113,0.0614685212623111,inconclusive,inconclusive
phase0_tf_bbbp_stereo_changed_aff82_d20,bbbp,stereo,20,12,0.0127419220295293,-0.0375143086806904,0.0615984153888738,inconclusive,inconclusive
phase0_tf_confirm_top_len158_extra,tox21_ahr,random,1,12,0.012453391399954,-0.0190156657624419,0.0479636414040414,inconclusive,inconclusive
phase0_tf_confirm_top_len158_extra,hiv,exact,20,12,0.0117478906871741,-0.0204699846667553,0.0458659765861091,inconclusive,inconclusive
phase0_tf_confirm_top_len158_extra,tox21_are,exact,20,12,0.009836609432501,-0.0223716169885434,0.040673894644024,inconclusive,inconclusive
phase0_tf_confirm_top_len158_extra,tox21_ahr,exact,20,12,0.009147136971594,-0.0555389332901845,0.0666176654116358,inconclusive,inconclusive
phase0_tf_aff128_probe,hiv,exact,20,4,0.0081144613450009,-0.0376272493855221,0.0493398559104363,inconclusive,inconclusive
phase0_tf_aff128_probe,tox21_ahr,exact,20,4,0.0070839154132592,-0.0094070159389977,0.0343539255622703,inconclusive,inconclusive
phase0_tf_bbbp_stereo_changed_aff82_d20_lowtrain05,bbbp,stereo,20,24,0.0060926903134924,-0.0203573662451024,0.0339195724670573,inconclusive,inconclusive
phase0_tf_bbbp_stereo_changed_aff82_d20_lowtrain05,bbbp,exact,20,24,0.0057069082191683,-0.0180072409621487,0.0292262577592448,inconclusive,inconclusive
phase0_tf_confirm_top_len158_extra,sider_gastro,exact,1,12,0.0045274597748576,-0.0096789584944268,0.0184356329552058,inconclusive,practical_equivalence
phase0_tf_mmp_aff128_isolated,tox21_mmp,parent,1,12,0.0042016969884219,-0.0149564218396535,0.023748246050121,inconclusive,inconclusive
phase0_tf_bbbp_stereo_changed_aff82_d20_lowtrain05,bbbp,random,20,12,0.0037543197330174,-0.0265102462974619,0.0361271498657074,inconclusive,inconclusive
phase0_tf_bbbp_stereo_changed_aff82_d20_lowtrain25,bbbp,stereo,20,12,0.0035343630376303,-0.0287560409493269,0.0361429930009825,inconclusive,inconclusive
phase0_tf_mmp_stereo_changed_aff128_d20,tox21_mmp,exact,20,12,0.0030572971157819,-0.0210220764481897,0.0246273290011031,inconclusive,inconclusive
phase0_gin_bbbp_stereo_changed_aff82_d20_lowtrain05,bbbp,stereo,20,12,0.0028235565687557,-0.0559694508802078,0.0610039636776238,inconclusive,inconclusive
phase0_tf_confirm_top_len158_extra,clintox_tox,exact,1,4,0.0021189521902646,-0.0105271171403182,0.0145169998222327,inconclusive,practical_equivalence
phase0_tf_confirm_top_len158_extra,hiv,random,20,4,0.0013814228739406,-0.0243349474887153,0.0303777254922156,inconclusive,inconclusive
phase0_tf_confirm_top_len158_extra,tox21_mmp,exact,1,12,0.0003900039375287,-0.0289515852674662,0.0272428185621346,inconclusive,inconclusive
phase0_tf_mmp_stereo_changed_aff128_d20,tox21_mmp,stereo,20,12,0.0001622873764525,-0.0206154588108801,0.0217167040979645,inconclusive,inconclusive
phase0_gru_bbbp_stereo_changed_aff82_d20_lowtrain05,bbbp,random,20,12,-0.001417049304394,-0.0075856033450146,0.0042015817288597,practical_equivalence,practical_equivalence
phase0_tf_mmp_aff128_isolated,tox21_mmp,exact,1,12,-0.0024709288570948,-0.0232714144139584,0.0196479322581678,inconclusive,inconclusive
phase0_tf_aff128_probe,tox21_mmp,exact,1,12,-0.0029149147720902,-0.0250879892903027,0.017328041895949,inconclusive,inconclusive
phase0_tf_bbbp_stereo_changed_aff82_d20_lowtrain02,bbbp,exact,20,12,-0.0039075228776575,-0.0264378935886358,0.0155315294481203,inconclusive,inconclusive
phase0_gru_bbbp_stereo_changed_aff82_d20_lowtrain05,bbbp,stereo,20,12,-0.0040938249320907,-0.0067620319700183,-0.0007578295237669,practical_equivalence,practical_equivalence
phase0_tf_confirm_top_len158_extra,hiv,parent,5,4,-0.0052369227827165,-0.0634287142046744,0.0620949698705326,inconclusive,inconclusive
phase0_tf_confirm_top_len158_extra,bbbp,stereo,5,12,-0.0052764724864845,-0.021994305467677,0.0123178806113178,inconclusive,inconclusive
phase0_tf_confirm_top_len158_extra,clintox_fda,stereo,1,4,-0.0055580547659432,-0.0099983291731428,-0.0011177803587437,practical_equivalence,practical_equivalence
phase0_tf_confirm_top_len158_extra,bbbp,parent,5,4,-0.0068121219955911,-0.0363294713416985,0.0227052273505162,inconclusive,inconclusive
phase0_tf_bbbp_stereo_changed_aff82_d20_lowtrain25,bbbp,exact,20,12,-0.0082787481792994,-0.0451905849979855,0.0274759866771492,inconclusive,inconclusive
phase0_tf_confirm_top_len158_extra,sider_gastro,random,1,12,-0.0095301240554977,-0.0339812881981577,0.0069977224244503,inconclusive,inconclusive
phase0_tf_bbbp_stereo_changed_aff82_d20_lowtrain02,bbbp,stereo,20,12,-0.010698572204294,-0.0341145130010295,0.0118076557096038,inconclusive,inconclusive
phase0_tf_confirm_top_len158_extra,sider_gastro,tautomer,5,4,-0.0109824938195398,-0.0497127656140553,0.0145445062070172,inconclusive,inconclusive
phase0_tf_confirm_top_len158_extra,tox21_mmp,random,5,4,-0.0114430702787723,-0.0598257318570263,0.0183281424686388,inconclusive,inconclusive
phase0_gin_bbbp_stereo_changed_aff82_d20_lowtrain05,bbbp,random,20,12,-0.0129659953478395,-0.0726317132501141,0.0409866988475441,inconclusive,inconclusive
phase0_tf_confirm_top_len158_extra,tox21_are,random,1,4,-0.0158079893463854,-0.0532679536928944,0.0158192215528298,inconclusive,inconclusive
phase0_tf_aff128_probe,tox21_ahr,random,1,4,-0.0186036531120382,-0.0337278173839958,-0.0024619614165686,inconclusive,inconclusive
phase0_gin_bbbp_stereo_changed_aff82_d20_lowtrain05,bbbp,exact,20,12,-0.019355366081207,-0.0733733935283046,0.0299154052076788,inconclusive,inconclusive
phase0_tf_confirm_top_len158_extra,tox21_are,stereo,5,4,-0.0213621075180676,-0.091808215727656,0.0247936266226243,inconclusive,inconclusive
phase0_tf_bbbp_stereo_changed_aff82_d20_lowtrain25,bbbp,random,20,12,-0.0273525027356807,-0.0759480871269429,0.0166430304930063,inconclusive,inconclusive
phase0_tf_confirm_top_len158_extra,bace,exact,20,4,-0.0330265640199077,-0.0677197022205142,-0.0023423938126471,inconclusive,inconclusive
phase0_tf_confirm_top_len158_extra,tox21_mmp,stereo,20,4,-0.040154744085347,-0.1189944612660374,0.0302106239609216,inconclusive,inconclusive
phase0_tf_confirm_top_len158_extra,clintox_fda,parent,20,4,-0.0455903358685994,-0.1118205973619484,0.0009655924019048,inconclusive,inconclusive
phase0_tf_bbbp_stereo_changed_aff82_d20_lowtrain25,bbbp,stereo,20,12,0.0035343630376303,-0.0305428714527874,0.0357472898780673,inconclusive,inconclusive
phase0_tf_bbbp_stereo_changed_aff82_d20_lowtrain25,bbbp,exact,20,12,-0.0082787481792994,-0.0456132242804073,0.0278595059724062,inconclusive,inconclusive
phase0_tf_bbbp_stereo_changed_aff82_d20_lowtrain25,bbbp,random,20,12,-0.0273525027356807,-0.0769688527948441,0.0159976080189595,inconclusive,inconclusive
phase0_tf_bbbp_stereo_changed_aff82_d20_lowtrain05,bbbp,stereo,20,24,0.0060926903134924,-0.0200019722276456,0.0337267758359044,inconclusive,inconclusive
phase0_tf_bbbp_stereo_changed_aff82_d20_lowtrain05,bbbp,exact,20,24,0.0057069082191683,-0.0189575298814289,0.0287182821809579,inconclusive,inconclusive
phase0_tf_bbbp_stereo_changed_aff82_d20_lowtrain05,bbbp,random,20,12,0.0037543197330174,-0.0270878118643607,0.0357593716302612,inconclusive,inconclusive
phase0_tf_bbbp_stereo_changed_aff82_d20_lowtrain02,bbbp,exact,20,12,-0.0039075228776575,-0.0252690926518251,0.015425379493699,inconclusive,inconclusive
phase0_tf_bbbp_stereo_changed_aff82_d20_lowtrain02,bbbp,stereo,20,12,-0.010698572204294,-0.0349345943364685,0.0106627477621248,inconclusive,inconclusive
phase0_gru_bbbp_stereo_changed_aff82_d20_lowtrain05,bbbp,exact,20,12,0.018245946598267,-0.0034391666239199,0.0566569847376932,inconclusive,inconclusive
phase0_gru_bbbp_stereo_changed_aff82_d20_lowtrain05,bbbp,random,20,12,-0.001417049304394,-0.0074599358759457,0.0041556889263405,practical_equivalence,practical_equivalence
phase0_gru_bbbp_stereo_changed_aff82_d20_lowtrain05,bbbp,stereo,20,12,-0.0040938249320907,-0.0067377231621453,-0.0008674244753292,practical_equivalence,practical_equivalence
phase0_gin_bbbp_stereo_changed_aff82_d20_lowtrain05,bbbp,stereo,20,12,0.0028235565687557,-0.0559694508802078,0.0610039636776238,inconclusive,inconclusive
phase0_gin_bbbp_stereo_changed_aff82_d20_lowtrain05,bbbp,random,20,12,-0.0129659953478395,-0.0726317132501141,0.0409866988475441,inconclusive,inconclusive
phase0_gin_bbbp_stereo_changed_aff82_d20_lowtrain05,bbbp,exact,20,12,-0.019355366081207,-0.0733733935283046,0.0299154052076788,inconclusive,inconclusive
