method,hard_negative_type,n_negative,fp_default,mean_score,false_positive_rate_at_default_binary,fpr_default_wilson95_low,fpr_default_wilson95_high,fpr_default_one_sided95_upper,share_score_ge_0_80,share_score_ge_0_90
canonical_smiles_identity,activity_cliff_same_task_opposite_label,435,0,0.0,0.0,0.0,0.008753636976363494,0.0068630816017958285,0.0,0.0
canonical_smiles_identity,ecfp_tanimoto_ge_0_80,600,0,0.0,0.0,0.0,0.006361701013700711,0.004980443380361299,0.0,0.0
canonical_smiles_identity,ecfp_tanimoto_ge_0_90,513,0,0.0,0.0,0.0,0.007432567096028627,0.005822616540002379,0.0,0.0
canonical_smiles_identity,nearest_neighbor_same_benchmark_or_clean,600,0,0.0,0.0,0.0,0.006361701013700711,0.004980443380361299,0.0,0.0
canonical_smiles_identity,same_formula_constitutional_isomer,600,0,0.0,0.0,0.0,0.006361701013700711,0.004980443380361299,0.0,0.0
canonical_smiles_identity,same_murcko_scaffold,600,0,0.0,0.0,0.0,0.006361701013700711,0.004980443380361299,0.0,0.0
canonical_smiles_identity,same_scaffold_mw_logp_matched,600,0,0.0,0.0,0.0,0.006361701013700711,0.004980443380361299,0.0,0.0
chemical_science_audit_bundle,activity_cliff_same_task_opposite_label,435,332,0.7632183908045977,0.7632183908045977,0.7210741933748186,0.8007543517571649,0.8007543517571649,0.7632183908045977,0.7632183908045977
chemical_science_audit_bundle,ecfp_tanimoto_ge_0_80,600,600,1.0,1.0,0.9936382989862994,1.0,1.0,1.0,1.0
chemical_science_audit_bundle,ecfp_tanimoto_ge_0_90,513,513,1.0,1.0,0.9925674329039715,1.0,1.0,1.0,1.0
chemical_science_audit_bundle,nearest_neighbor_same_benchmark_or_clean,600,394,0.6566666666666666,0.6566666666666666,0.6177849875650621,0.6935550127839782,0.6935550127839782,0.6566666666666666,0.6566666666666666
chemical_science_audit_bundle,same_formula_constitutional_isomer,600,70,0.11666666666666667,0.11666666666666667,0.0933845944690549,0.14482604297478233,0.14482604297478233,0.11666666666666667,0.11666666666666667
chemical_science_audit_bundle,same_murcko_scaffold,600,600,1.0,1.0,0.9936382989862994,1.0,1.0,1.0,1.0
chemical_science_audit_bundle,same_scaffold_mw_logp_matched,600,600,1.0,1.0,0.9936382989862994,1.0,1.0,1.0,1.0
chemtrace_typed_certificate,activity_cliff_same_task_opposite_label,435,0,0.0,0.0,0.0,0.008753636976363494,0.0068630816017958285,0.0,0.0
chemtrace_typed_certificate,ecfp_tanimoto_ge_0_80,600,0,0.0,0.0,0.0,0.006361701013700711,0.004980443380361299,0.0,0.0
chemtrace_typed_certificate,ecfp_tanimoto_ge_0_90,513,0,0.0,0.0,0.0,0.007432567096028627,0.005822616540002379,0.0,0.0
chemtrace_typed_certificate,nearest_neighbor_same_benchmark_or_clean,600,0,0.0,0.0,0.0,0.006361701013700711,0.004980443380361299,0.0,0.0
chemtrace_typed_certificate,same_formula_constitutional_isomer,600,0,0.0,0.0,0.0,0.006361701013700711,0.004980443380361299,0.0,0.0
chemtrace_typed_certificate,same_murcko_scaffold,600,0,0.0,0.0,0.0,0.006361701013700711,0.004980443380361299,0.0,0.0
chemtrace_typed_certificate,same_scaffold_mw_logp_matched,600,0,0.0,0.0,0.0,0.006361701013700711,0.004980443380361299,0.0,0.0
datasail_similarity_cluster,activity_cliff_same_task_opposite_label,435,370,0.8505747126436781,0.8505747126436781,0.8140099120753342,0.8810019056768706,0.8810019056768706,0.8505747126436781,0.8505747126436781
datasail_similarity_cluster,ecfp_tanimoto_ge_0_80,600,600,1.0,1.0,0.9936382989862994,1.0,1.0,1.0,1.0
datasail_similarity_cluster,ecfp_tanimoto_ge_0_90,513,513,1.0,1.0,0.9925674329039715,1.0,1.0,1.0,1.0
datasail_similarity_cluster,nearest_neighbor_same_benchmark_or_clean,600,396,0.66,0.66,0.621185279143598,0.6967789765320179,0.6967789765320179,0.66,0.66
datasail_similarity_cluster,same_formula_constitutional_isomer,600,81,0.135,0.135,0.10996732443966875,0.16467671730033281,0.16467671730033281,0.135,0.135
datasail_similarity_cluster,same_murcko_scaffold,600,600,1.0,1.0,0.9936382989862994,1.0,1.0,1.0,1.0
datasail_similarity_cluster,same_scaffold_mw_logp_matched,600,600,1.0,1.0,0.9936382989862994,1.0,1.0,1.0,1.0
inchikey_connectivity_identity,activity_cliff_same_task_opposite_label,435,0,0.0,0.0,0.0,0.008753636976363494,0.0068630816017958285,0.0,0.0
inchikey_connectivity_identity,ecfp_tanimoto_ge_0_80,600,8,0.013333333333333334,0.013333333333333334,0.006771354149386743,0.026087368170615282,0.026087368170615282,0.013333333333333334,0.013333333333333334
inchikey_connectivity_identity,ecfp_tanimoto_ge_0_90,513,6,0.011695906432748537,0.011695906432748537,0.0053710602679927135,0.02527945847491244,0.02527945847491244,0.011695906432748537,0.011695906432748537
inchikey_connectivity_identity,nearest_neighbor_same_benchmark_or_clean,600,1,0.0016666666666666668,0.0016666666666666668,0.0002942682008495647,0.009379560476138811,0.009379560476138811,0.0016666666666666668,0.0016666666666666668
inchikey_connectivity_identity,same_formula_constitutional_isomer,600,0,0.0,0.0,0.0,0.006361701013700711,0.004980443380361299,0.0,0.0
inchikey_connectivity_identity,same_murcko_scaffold,600,0,0.0,0.0,0.0,0.006361701013700711,0.004980443380361299,0.0,0.0
inchikey_connectivity_identity,same_scaffold_mw_logp_matched,600,0,0.0,0.0,0.0,0.006361701013700711,0.004980443380361299,0.0,0.0
inchikey_full_identity,activity_cliff_same_task_opposite_label,435,0,0.0,0.0,0.0,0.008753636976363494,0.0068630816017958285,0.0,0.0
inchikey_full_identity,ecfp_tanimoto_ge_0_80,600,0,0.0,0.0,0.0,0.006361701013700711,0.004980443380361299,0.0,0.0
inchikey_full_identity,ecfp_tanimoto_ge_0_90,513,0,0.0,0.0,0.0,0.007432567096028627,0.005822616540002379,0.0,0.0
inchikey_full_identity,nearest_neighbor_same_benchmark_or_clean,600,0,0.0,0.0,0.0,0.006361701013700711,0.004980443380361299,0.0,0.0
inchikey_full_identity,same_formula_constitutional_isomer,600,0,0.0,0.0,0.0,0.006361701013700711,0.004980443380361299,0.0,0.0
inchikey_full_identity,same_murcko_scaffold,600,0,0.0,0.0,0.0,0.006361701013700711,0.004980443380361299,0.0,0.0
inchikey_full_identity,same_scaffold_mw_logp_matched,600,0,0.0,0.0,0.0,0.006361701013700711,0.004980443380361299,0.0,0.0
lohi_high_similarity_split,activity_cliff_same_task_opposite_label,435,188,0.432183908045977,0.432183908045977,0.38642559324370346,0.47912949774849306,0.47912949774849306,0.432183908045977,0.432183908045977
lohi_high_similarity_split,ecfp_tanimoto_ge_0_80,600,600,1.0,1.0,0.9936382989862994,1.0,1.0,1.0,1.0
lohi_high_similarity_split,ecfp_tanimoto_ge_0_90,513,513,1.0,1.0,0.9925674329039715,1.0,1.0,1.0,1.0
lohi_high_similarity_split,nearest_neighbor_same_benchmark_or_clean,600,286,0.4766666666666667,0.4766666666666667,0.43697814242908756,0.5166520702848852,0.5166520702848852,0.4766666666666667,0.4766666666666667
lohi_high_similarity_split,same_formula_constitutional_isomer,600,69,0.115,0.115,0.0918863722244461,0.14301213755610348,0.14301213755610348,0.115,0.115
lohi_high_similarity_split,same_murcko_scaffold,600,256,0.4266666666666667,0.4266666666666667,0.38768156172753276,0.4665848210878102,0.4665848210878102,0.4266666666666667,0.4266666666666667
lohi_high_similarity_split,same_scaffold_mw_logp_matched,600,280,0.4666666666666667,0.4666666666666667,0.427086743461777,0.5066707032724699,0.5066707032724699,0.4666666666666667,0.4666666666666667
morgan_ecfp80,activity_cliff_same_task_opposite_label,435,54,0.12413793103448276,0.12413793103448276,0.09640248859330264,0.15845369368548096,0.15845369368548096,0.12413793103448276,0.12413793103448276
morgan_ecfp80,ecfp_tanimoto_ge_0_80,600,600,1.0,1.0,0.9936382989862994,1.0,1.0,1.0,1.0
morgan_ecfp80,ecfp_tanimoto_ge_0_90,513,513,1.0,1.0,0.9925674329039715,1.0,1.0,1.0,1.0
morgan_ecfp80,nearest_neighbor_same_benchmark_or_clean,600,140,0.23333333333333334,0.23333333333333334,0.20125234504726427,0.2688072288267095,0.2688072288267095,0.23333333333333334,0.23333333333333334
morgan_ecfp80,same_formula_constitutional_isomer,600,25,0.041666666666666664,0.041666666666666664,0.02837972965493859,0.06078516294095374,0.06078516294095374,0.041666666666666664,0.041666666666666664
morgan_ecfp80,same_murcko_scaffold,600,90,0.15,0.15,0.12365957580215664,0.18079361490743384,0.18079361490743384,0.15,0.15
morgan_ecfp80,same_scaffold_mw_logp_matched,600,109,0.18166666666666667,0.18166666666666667,0.15287206755528537,0.21451154875677075,0.21451154875677075,0.18166666666666667,0.18166666666666667
morgan_ecfp90,activity_cliff_same_task_opposite_label,435,9,0.020689655172413793,0.020689655172413793,0.010922319682787842,0.03884840817731234,0.03884840817731234,0.020689655172413793,0.020689655172413793
morgan_ecfp90,ecfp_tanimoto_ge_0_80,600,90,0.15,0.15,0.12365957580215664,0.18079361490743384,0.18079361490743384,0.15,0.15
morgan_ecfp90,ecfp_tanimoto_ge_0_90,513,513,1.0,1.0,0.9925674329039715,1.0,1.0,1.0,1.0
morgan_ecfp90,nearest_neighbor_same_benchmark_or_clean,600,25,0.041666666666666664,0.041666666666666664,0.02837972965493859,0.06078516294095374,0.06078516294095374,0.041666666666666664,0.041666666666666664
morgan_ecfp90,same_formula_constitutional_isomer,600,6,0.01,0.01,0.004590922177703892,0.021643544815722802,0.021643544815722802,0.01,0.01
morgan_ecfp90,same_murcko_scaffold,600,8,0.013333333333333334,0.013333333333333334,0.006771354149386743,0.026087368170615282,0.026087368170615282,0.013333333333333334,0.013333333333333334
morgan_ecfp90,same_scaffold_mw_logp_matched,600,12,0.02,0.02,0.011477178627043526,0.03463005434610916,0.03463005434610916,0.02,0.02
morgan_tanimoto,activity_cliff_same_task_opposite_label,435,4,0.5131939055702631,0.009195402298850575,0.003581558202561931,0.0234018969443512,0.0234018969443512,0.12413793103448276,0.020689655172413793
morgan_tanimoto,ecfp_tanimoto_ge_0_80,600,16,0.8559420969873482,0.02666666666666667,0.01647980981438986,0.042875933811913486,0.042875933811913486,1.0,0.15
morgan_tanimoto,ecfp_tanimoto_ge_0_90,513,120,0.9500716237959208,0.23391812865497075,0.19934678551341817,0.27244481452014097,0.27244481452014097,1.0,1.0
morgan_tanimoto,nearest_neighbor_same_benchmark_or_clean,600,4,0.5583089691146773,0.006666666666666667,0.0025955012515148637,0.017014710415336507,0.017014710415336507,0.23333333333333334,0.041666666666666664
morgan_tanimoto,same_formula_constitutional_isomer,600,3,0.2502216221839126,0.005,0.001701877658278013,0.014596206345285693,0.014596206345285693,0.041666666666666664,0.01
morgan_tanimoto,same_murcko_scaffold,600,0,0.48777866314509416,0.0,0.0,0.006361701013700711,0.004980443380361299,0.15,0.013333333333333334
morgan_tanimoto,same_scaffold_mw_logp_matched,600,3,0.5186386026116683,0.005,0.001701877658278013,0.014596206345285693,0.014596206345285693,0.18166666666666667,0.02
murcko_scaffold,activity_cliff_same_task_opposite_label,435,315,0.7241379310344828,0.7241379310344828,0.6803130948475211,0.7640387230596264,0.7640387230596264,0.7241379310344828,0.7241379310344828
murcko_scaffold,ecfp_tanimoto_ge_0_80,600,596,0.9933333333333333,0.9933333333333333,0.9829852895846635,0.9974044987484852,0.9974044987484852,0.9933333333333333,0.9933333333333333
murcko_scaffold,ecfp_tanimoto_ge_0_90,513,472,0.9200779727095516,0.9200779727095516,0.8933697323978474,0.9405416975858011,0.9405416975858011,0.9200779727095516,0.9200779727095516
murcko_scaffold,nearest_neighbor_same_benchmark_or_clean,600,393,0.655,0.655,0.616085613046072,0.6919422596396808,0.6919422596396808,0.655,0.655
murcko_scaffold,same_formula_constitutional_isomer,600,63,0.105,0.105,0.08293329952922511,0.13209244427159847,0.13209244427159847,0.105,0.105
murcko_scaffold,same_murcko_scaffold,600,600,1.0,1.0,0.9936382989862994,1.0,1.0,1.0,1.0
murcko_scaffold,same_scaffold_mw_logp_matched,600,600,1.0,1.0,0.9936382989862994,1.0,1.0,1.0,1.0
parent_key_identity,activity_cliff_same_task_opposite_label,435,0,0.0,0.0,0.0,0.008753636976363494,0.0068630816017958285,0.0,0.0
parent_key_identity,ecfp_tanimoto_ge_0_80,600,0,0.0,0.0,0.0,0.006361701013700711,0.004980443380361299,0.0,0.0
parent_key_identity,ecfp_tanimoto_ge_0_90,513,0,0.0,0.0,0.0,0.007432567096028627,0.005822616540002379,0.0,0.0
parent_key_identity,nearest_neighbor_same_benchmark_or_clean,600,0,0.0,0.0,0.0,0.006361701013700711,0.004980443380361299,0.0,0.0
parent_key_identity,same_formula_constitutional_isomer,600,0,0.0,0.0,0.0,0.006361701013700711,0.004980443380361299,0.0,0.0
parent_key_identity,same_murcko_scaffold,600,0,0.0,0.0,0.0,0.006361701013700711,0.004980443380361299,0.0,0.0
parent_key_identity,same_scaffold_mw_logp_matched,600,0,0.0,0.0,0.0,0.006361701013700711,0.004980443380361299,0.0,0.0
raw_smiles_identity,activity_cliff_same_task_opposite_label,435,0,0.0,0.0,0.0,0.008753636976363494,0.0068630816017958285,0.0,0.0
raw_smiles_identity,ecfp_tanimoto_ge_0_80,600,0,0.0,0.0,0.0,0.006361701013700711,0.004980443380361299,0.0,0.0
raw_smiles_identity,ecfp_tanimoto_ge_0_90,513,0,0.0,0.0,0.0,0.007432567096028627,0.005822616540002379,0.0,0.0
raw_smiles_identity,nearest_neighbor_same_benchmark_or_clean,600,0,0.0,0.0,0.0,0.006361701013700711,0.004980443380361299,0.0,0.0
raw_smiles_identity,same_formula_constitutional_isomer,600,0,0.0,0.0,0.0,0.006361701013700711,0.004980443380361299,0.0,0.0
raw_smiles_identity,same_murcko_scaffold,600,0,0.0,0.0,0.0,0.006361701013700711,0.004980443380361299,0.0,0.0
raw_smiles_identity,same_scaffold_mw_logp_matched,600,0,0.0,0.0,0.0,0.006361701013700711,0.004980443380361299,0.0,0.0
stereo_stripped_identity,activity_cliff_same_task_opposite_label,435,0,0.0,0.0,0.0,0.008753636976363494,0.0068630816017958285,0.0,0.0
stereo_stripped_identity,ecfp_tanimoto_ge_0_80,600,0,0.0,0.0,0.0,0.006361701013700711,0.004980443380361299,0.0,0.0
stereo_stripped_identity,ecfp_tanimoto_ge_0_90,513,0,0.0,0.0,0.0,0.007432567096028627,0.005822616540002379,0.0,0.0
stereo_stripped_identity,nearest_neighbor_same_benchmark_or_clean,600,0,0.0,0.0,0.0,0.006361701013700711,0.004980443380361299,0.0,0.0
stereo_stripped_identity,same_formula_constitutional_isomer,600,0,0.0,0.0,0.0,0.006361701013700711,0.004980443380361299,0.0,0.0
stereo_stripped_identity,same_murcko_scaffold,600,0,0.0,0.0,0.0,0.006361701013700711,0.004980443380361299,0.0,0.0
stereo_stripped_identity,same_scaffold_mw_logp_matched,600,0,0.0,0.0,0.0,0.006361701013700711,0.004980443380361299,0.0,0.0
tautomer_identity,activity_cliff_same_task_opposite_label,435,0,0.0,0.0,0.0,0.008753636976363494,0.0068630816017958285,0.0,0.0
tautomer_identity,ecfp_tanimoto_ge_0_80,600,0,0.0,0.0,0.0,0.006361701013700711,0.004980443380361299,0.0,0.0
tautomer_identity,ecfp_tanimoto_ge_0_90,513,0,0.0,0.0,0.0,0.007432567096028627,0.005822616540002379,0.0,0.0
tautomer_identity,nearest_neighbor_same_benchmark_or_clean,600,0,0.0,0.0,0.0,0.006361701013700711,0.004980443380361299,0.0,0.0
tautomer_identity,same_formula_constitutional_isomer,600,0,0.0,0.0,0.0,0.006361701013700711,0.004980443380361299,0.0,0.0
tautomer_identity,same_murcko_scaffold,600,0,0.0,0.0,0.0,0.006361701013700711,0.004980443380361299,0.0,0.0
tautomer_identity,same_scaffold_mw_logp_matched,600,0,0.0,0.0,0.0,0.006361701013700711,0.004980443380361299,0.0,0.0
tdc_polaris_curation_bundle,activity_cliff_same_task_opposite_label,435,332,0.7632183908045977,0.7632183908045977,0.7210741933748186,0.8007543517571649,0.8007543517571649,0.7632183908045977,0.7632183908045977
tdc_polaris_curation_bundle,ecfp_tanimoto_ge_0_80,600,600,1.0,1.0,0.9936382989862994,1.0,1.0,1.0,1.0
tdc_polaris_curation_bundle,ecfp_tanimoto_ge_0_90,513,513,1.0,1.0,0.9925674329039715,1.0,1.0,1.0,1.0
tdc_polaris_curation_bundle,nearest_neighbor_same_benchmark_or_clean,600,394,0.6566666666666666,0.6566666666666666,0.6177849875650621,0.6935550127839782,0.6935550127839782,0.6566666666666666,0.6566666666666666
tdc_polaris_curation_bundle,same_formula_constitutional_isomer,600,70,0.11666666666666667,0.11666666666666667,0.0933845944690549,0.14482604297478233,0.14482604297478233,0.11666666666666667,0.11666666666666667
tdc_polaris_curation_bundle,same_murcko_scaffold,600,600,1.0,1.0,0.9936382989862994,1.0,1.0,1.0,1.0
tdc_polaris_curation_bundle,same_scaffold_mw_logp_matched,600,600,1.0,1.0,0.9936382989862994,1.0,1.0,1.0,1.0
