idx,canonical,parent_tautomer_commutes,stereo_parent_commutes,canonical_idempotent,parent_idempotent,stereo_idempotent,tautomer_idempotent,parent_then_tautomer,tautomer_then_parent,stereo_then_parent,parent_then_stereo
117,CC#Cc1cncc(-c2cccc(C3(C4CC4)NC(=[NH2+])N(C)C3=O)c2)c1,False,True,True,True,True,True,CC#Cc1cncc(-c2cccc(C3(C4CC4)N=C(N)N(C)C3=O)c2)c1,CC#Cc1cncc(-c2cccc(C3(C4CC4)NC(=N)N(C)C3=O)c2)c1,CC#Cc1cncc(-c2cccc(C3(C4CC4)NC(=N)N(C)C3=O)c2)c1,CC#Cc1cncc(-c2cccc(C3(C4CC4)NC(=N)N(C)C3=O)c2)c1
251,C[NH+](C)[C@@H]1C([O-])=C(C(N)=O)C(=O)[C@@]2(O)C([O-])=C3C(=O)c4c([O-])cccc4[C@@](C)(O)[C@H]3[C@H](O)[C@@H]12,False,True,True,True,True,True,CN(C)C1C(=O)C(C(N)=O)C(=O)[C@@]2(O)C(=O)C3C(=O)c4c(O)cccc4[C@@](C)(O)[C@H]3[C@H](O)[C@@H]12,CN(C)[C@@H]1C(O)=C(C(N)=O)C(=O)[C@@]2(O)C(O)=C3C(=O)c4c(O)cccc4[C@@](C)(O)[C@H]3[C@H](O)[C@@H]12,CN(C)C1C(O)=C(C(N)=O)C(=O)C2(O)C(O)=C3C(=O)c4c(O)cccc4C(C)(O)C3C(O)C12,CN(C)C1C(O)=C(C(N)=O)C(=O)C2(O)C(O)=C3C(=O)c4c(O)cccc4C(C)(O)C3C(O)C12
286,[Fe+2].c1cc[cH-]c1.c1cc[cH-]c1,False,False,True,False,True,True,,c1cccc1,c1cccc1,
295,CNC1=[NH+]c2ccc(Cl)cc2C(c2ccccc2)=[N+]([O-])C1,False,True,True,True,True,True,CN=C1C[N+]([O-])=C(c2ccccc2)c2cc(Cl)ccc2N1,CNC1=Nc2ccc(Cl)cc2C(c2ccccc2)=[N+]([O-])C1,CNC1=Nc2ccc(Cl)cc2C(c2ccccc2)=[N+]([O-])C1,CNC1=Nc2ccc(Cl)cc2C(c2ccccc2)=[N+]([O-])C1
538,[H]/[NH+]=C(\N)c1ccc(OCCCCCOc2ccc(/C(N)=[NH+]/[H])cc2)cc1,False,False,True,True,False,True,[H]N=C(N)c1ccc(OCCCCCOc2ccc(C(=N)N[H])cc2)cc1,[H]/N=C(\N)c1ccc(OCCCCCOc2ccc(/C(N)=N/[H])cc2)cc1,N=C(N)c1ccc(OCCCCCOc2ccc(C(=N)N)cc2)cc1,[H]N=C(N)c1ccc(OCCCCCOc2ccc(C(N)=N[H])cc2)cc1
1690,Oc1ccccc1C1=N[N+]2=Cc3cccc[n+]3[Cu-5]234([OH+]1)[OH+]C(c1ccccc1O)=N[N+]3=Cc1cccc[n+]14,False,True,True,True,True,True,Oc1ccccc1C1=N[N+]2=Cc3cccc[n+]3[Cu-5]234([O]1)[O+]=C(c1ccccc1O)N[N+]3=Cc1cccc[n+]14,Oc1ccccc1C1=[O+][Cu-5]234([O+]=C(c5ccccc5O)N[N+]2=Cc2cccc[n+]23)[N+](=Cc2cccc[n+]24)N1,Oc1ccccc1C1=N[N+]2=Cc3cccc[n+]3[Cu-5]234([O]1)[OH+]C(c1ccccc1O)=N[N+]3=Cc1cccc[n+]14,Oc1ccccc1C1=N[N+]2=Cc3cccc[n+]3[Cu-5]234([O]1)[OH+]C(c1ccccc1O)=N[N+]3=Cc1cccc[n+]14
1837,C[NH+](C)[C@@H]1C([O-])=C(C(N)=O)C(=O)[C@@]2(O)C([O-])=C3C(=O)c4c([O-])ccc(Cl)c4[C@@H](O)[C@H]3C[C@@H]12,False,True,True,True,True,True,CN(C)C1C(=O)C(C(N)=O)C(=O)[C@@]2(O)C(=O)C3C(=O)c4c(O)ccc(Cl)c4[C@@H](O)[C@H]3C[C@@H]12,CN(C)[C@@H]1C(O)=C(C(N)=O)C(=O)[C@@]2(O)C(O)=C3C(=O)c4c(O)ccc(Cl)c4[C@@H](O)[C@H]3C[C@@H]12,CN(C)C1C(O)=C(C(N)=O)C(=O)C2(O)C(O)=C3C(=O)c4c(O)ccc(Cl)c4C(O)C3CC12,CN(C)C1C(O)=C(C(N)=O)C(=O)C2(O)C(O)=C3C(=O)c4c(O)ccc(Cl)c4C(O)C3CC12
1978,C=CCC1(C(C)CCC)C(=O)NC(S)=[NH+]C1=O,False,True,True,True,True,True,C=CCC1(C(C)CCC)C(=O)NC(=S)NC1=O,C=CCC1(C(C)CCC)C(=O)N=C(S)NC1=O,C=CCC1(C(C)CCC)C(=O)N=C(S)NC1=O,C=CCC1(C(C)CCC)C(=O)N=C(S)NC1=O
3396,CC(=O)[C@]1(O)Cc2c([O-])c3c(c([O-])c2[C@@H](O[C@H]2C[C@H]([NH3+])[C@H](O)[C@H](C)O2)C1)C(=O)c1ccccc1C3=O,False,True,True,True,True,True,CC(=O)[C@]1(O)C=C2C(=O)c3c(c(O)c4ccccc4c3O)C(=O)C2[C@@H](O[C@H]2C[C@H](N)[C@H](O)[C@H](C)O2)C1,CC(=O)[C@]1(O)Cc2c(O)c3c(c(O)c2[C@@H](O[C@H]2C[C@H](N)[C@H](O)[C@H](C)O2)C1)C(=O)c1ccccc1C3=O,CC(=O)C1(O)Cc2c(O)c3c(c(O)c2C(OC2CC(N)C(O)C(C)O2)C1)C(=O)c1ccccc1C3=O,CC(=O)C1(O)Cc2c(O)c3c(c(O)c2C(OC2CC(N)C(O)C(C)O2)C1)C(=O)c1ccccc1C3=O
4061,NC(=O)N/C=C1\NC(=O)[C@H](CO)NC(=O)[C@H](CO)NC(=O)[C@@H](NC(=O)C[C@@H]([NH3+])CCC[NH3+])CNC(=O)[C@H]([C@H]2C[C@H](O)[NH+]=C(N)N2)NC1=O,False,True,True,True,True,True,NCCC[C@H](N)CC(=O)NC1CNC(=O)C([C@H]2C[C@H](O)N=C(N)N2)NC(=O)C(=CNC(N)=O)NC(=O)C(CO)NC(=O)C(CO)NC1=O,NCCC[C@H](N)CC(=O)NC1CNC(=O)C([C@H]2C[C@H](O)N=C(N)N2)NC(=O)C(C=NC(N)=O)NC(=O)C(CO)NC(=O)C(CO)NC1=O,NCCCC(N)CC(=O)NC1CNC(=O)C(C2CC(O)N=C(N)N2)NC(=O)C(=CNC(N)=O)NC(=O)C(CO)NC(=O)C(CO)NC1=O,NCCCC(N)CC(=O)NC1CNC(=O)C(C2CC(O)N=C(N)N2)NC(=O)C(=CNC(N)=O)NC(=O)C(CO)NC(=O)C(CO)NC1=O
4706,CC1(C)Cc2cc(Cl)ccc2C(N[C@@H](Cc2cscc2Br)C(=O)[O-])=[NH+]1,False,True,True,True,True,True,CC1(C)Cc2cc(Cl)ccc2C(=NC(Cc2cscc2Br)C(=O)O)N1,CC1(C)Cc2cc(Cl)ccc2C(NC(Cc2cscc2Br)C(=O)O)=N1,CC1(C)Cc2cc(Cl)ccc2C(NC(Cc2cscc2Br)C(=O)O)=N1,CC1(C)Cc2cc(Cl)ccc2C(NC(Cc2cscc2Br)C(=O)O)=N1
4841,CO/N=C(\C(=O)N[C@@H]1C(=O)N2C(C(=O)[O-])=C(CSc3nc(=O)c([O-])nn3C)CS[C@H]12)c1csc(N)n1,False,True,True,True,True,True,CON=C(C(=O)NC1C(=O)N2C(C(=O)O)=C(CSc3nc(=O)c(=O)[nH]n3C)CS[C@H]12)c1csc(N)n1,CON=C(C(=O)NC1C(=O)N2C(C(=O)O)=C(CSc3nc(=O)c(O)nn3C)CS[C@H]12)c1csc(N)n1,CON=C(C(=O)NC1C(=O)N2C(C(=O)O)=C(CSc3nc(=O)c(O)nn3C)CSC12)c1csc(N)n1,CON=C(C(=O)NC1C(=O)N2C(C(=O)O)=C(CSc3nc(=O)c(O)nn3C)CSC12)c1csc(N)n1
5827,CN/C(NCc1ccccc1)=[NH+]\C,False,True,True,True,True,True,CN=C(NC)NCc1ccccc1,C/N=C(\NC)NCc1ccccc1,CN=C(NC)NCc1ccccc1,CN=C(NC)NCc1ccccc1
5991,CN1CC(N)=[NH+][C@](C)(c2cccc(NC(=O)c3ccc(Cl)cn3)c2)C1=O,False,True,True,True,True,True,CN1CC(=N)N[C@](C)(c2cccc(NC(=O)c3ccc(Cl)cn3)c2)C1=O,CN1CC(N)=N[C@](C)(c2cccc(NC(=O)c3ccc(Cl)cn3)c2)C1=O,CN1CC(N)=NC(C)(c2cccc(NC(=O)c3ccc(Cl)cn3)c2)C1=O,CN1CC(N)=NC(C)(c2cccc(NC(=O)c3ccc(Cl)cn3)c2)C1=O
6284,NC(N)=[NH+]CCN1CCCCCCC1,False,True,True,True,True,True,N=C(N)NCCN1CCCCCCC1,NC(N)=NCCN1CCCCCCC1,NC(N)=NCCN1CCCCCCC1,NC(N)=NCCN1CCCCCCC1
6474,O=C1[OH+][Cu-3]23[O+]=C4C(=[O+][Cu-3]56[OH+]C(=O)C(=O)[NH+]5CCC[NH+]46)[NH+]2CCC[NH+]3C1=O.[Na+],False,True,True,True,True,True,O=C1[O][Cu-3]23[O+]=C4C(=[O+][Cu-3]56[O]C(=O)C(=O)[NH+]5CCC[NH+]46)[NH+]2CCC[NH+]3C1=O,O=C1C(O)=[O+][Cu-3]23[O+]=C4C(=[O+][Cu-3]56[O+]=C(O)C(=O)[NH+]5CCC[NH+]46)[N]2CCC[N]13,O=C1[O][Cu-3]23[O+]=C4C(=[O+][Cu-3]56[O]C(=O)C(=O)[NH+]5CCC[NH+]46)[NH+]2CCC[NH+]3C1=O,O=C1[O][Cu-3]23[O+]=C4C(=[O+][Cu-3]56[O]C(=O)C(=O)[NH+]5CCC[NH+]46)[NH+]2CCC[NH+]3C1=O
6573,CC#Cc1cncc(-c2cccc([C@]3(C4CC4)N=C(C)C(N)=[NH+]3)c2)c1,False,True,True,True,True,True,CC#Cc1cncc(-c2cccc([C@]3(C4CC4)N=C(C)C(=N)N3)c2)c1,CC#Cc1cncc(-c2cccc([C@]3(C4CC4)N=C(C)C(N)=N3)c2)c1,CC#Cc1cncc(-c2cccc(C3(C4CC4)N=C(C)C(N)=N3)c2)c1,CC#Cc1cncc(-c2cccc(C3(C4CC4)N=C(C)C(N)=N3)c2)c1
6716,OC[C@H]1O[C@@H](n2cnc3c2NC=[NH+]C[C@H]3O)C[C@@H]1O,False,True,True,True,True,True,OC[C@H]1O[C@@H](n2cnc3c2N=CNC[C@H]3O)C[C@@H]1O,OC[C@H]1O[C@@H](n2cnc3c2NC=NC[C@H]3O)C[C@@H]1O,OCC1OC(n2cnc3c2NC=NCC3O)CC1O,OCC1OC(n2cnc3c2NC=NCC3O)CC1O
6794,[Co+2].c1cc[cH-]c1.c1cc[cH-]c1,False,False,True,False,True,True,,c1cccc1,c1cccc1,
6895,NC(=O)N/C=C1/NC(=O)[C@H](CNC(=O)C[C@@H]([NH3+])CCC[NH3+])NC(=O)[C@H](CO)NC(=O)[C@@H]([NH3+])CNC(=O)[C@H]([C@H]2CC[NH+]=C(N)N2)NC1=O,False,True,True,True,True,True,NCCC[C@H](N)CC(=O)NCC1NC(=O)C(CO)NC(=O)C(N)CNC(=O)C([C@H]2CCN=C(N)N2)NC(=O)C(=CNC(N)=O)NC1=O,NCCC[C@H](N)CC(=O)NCC1NC(=O)C(CO)NC(=O)C(N)CNC(=O)C([C@H]2CCN=C(N)N2)NC(=O)C(C=NC(N)=O)NC1=O,NCCCC(N)CC(=O)NCC1NC(=O)C(CO)NC(=O)C(N)CNC(=O)C(C2CCN=C(N)N2)NC(=O)C(=CNC(N)=O)NC1=O,NCCCC(N)CC(=O)NCC1NC(=O)C(CO)NC(=O)C(N)CNC(=O)C(C2CCN=C(N)N2)NC(=O)C(=CNC(N)=O)NC1=O
7080,CCCCc1nc2cccnc2n1Cc1ccc(-c2ccccc2-c2nnn[n-]2)cc1,False,True,True,True,True,True,CCCCc1nc2cccnc2n1Cc1ccc(-c2ccccc2-c2nn[nH]n2)cc1,CCCCc1nc2cccnc2n1Cc1ccc(-c2ccccc2-c2nnn[nH]2)cc1,CCCCc1nc2cccnc2n1Cc1ccc(-c2ccccc2-c2nnn[nH]2)cc1,CCCCc1nc2cccnc2n1Cc1ccc(-c2ccccc2-c2nnn[nH]2)cc1
7381,F[B-](F)(F)F.[H][H-][B-]1([H-][H])[n+]2ccccc2-c2cccc[n+]21,False,False,True,False,True,True,,[H][HH][B-]1([HH][H])[n+]2ccccc2-c2cccc[n+]21,[H][HH][B-]1([HH][H])[n+]2ccccc2-c2cccc[n+]21,
7544,CC(=O)c1ccc(Oc2ccc(-c3ccc(-c4ccccc4Cl)n3CC(=O)NC(N)=[NH2+])cc2)cc1,False,True,True,True,True,True,CC(=O)c1ccc(Oc2ccc(-c3ccc(-c4ccccc4Cl)n3CC(=O)N=C(N)N)cc2)cc1,CC(=O)c1ccc(Oc2ccc(-c3ccc(-c4ccccc4Cl)n3CC(=O)NC(=N)N)cc2)cc1,CC(=O)c1ccc(Oc2ccc(-c3ccc(-c4ccccc4Cl)n3CC(=O)NC(=N)N)cc2)cc1,CC(=O)c1ccc(Oc2ccc(-c3ccc(-c4ccccc4Cl)n3CC(=O)NC(=N)N)cc2)cc1
7584,NC1=[NH+]C(=O)C(c2ccccc2)O1,False,True,True,True,True,True,N=c1[nH]c(O)c(-c2ccccc2)o1,Nc1nc(O)c(-c2ccccc2)o1,NC1=NC(=O)C(c2ccccc2)O1,NC1=NC(=O)C(c2ccccc2)O1
7706,[Cr+2].c1cc[cH-]c1.c1cc[cH-]c1,False,False,True,False,True,True,,c1cccc1,c1cccc1,
7872,COc1cccc2c1C(=O)c1c([O-])c3c(c([O-])c1C2=O)C[C@@](O)(C(C)=O)C[C@@H]3O[C@H]1C[C@H]([NH3+])[C@H](O)[C@H](C)O1,False,True,True,True,True,True,COc1cccc2c(O)c3c(c(O)c12)C(=O)C1=C(C[C@@](O)(C(C)=O)C[C@@H]1O[C@H]1C[C@H](N)[C@H](O)[C@H](C)O1)C3=O,COc1cccc2c1C(=O)c1c(O)c3c(c(O)c1C2=O)C[C@@](O)(C(C)=O)C[C@@H]3O[C@H]1C[C@H](N)[C@H](O)[C@H](C)O1,COc1cccc2c1C(=O)c1c(O)c3c(c(O)c1C2=O)CC(O)(C(C)=O)CC3OC1CC(N)C(O)C(C)O1,COc1cccc2c1C(=O)c1c(O)c3c(c(O)c1C2=O)CC(O)(C(C)=O)CC3OC1CC(N)C(O)C(C)O1
8677,NC(N)=[NH+]CCC[C@H]([NH3+])C(=O)[O-],False,True,True,True,True,True,N=C(N)NCCCC(N)C(=O)O,NC(N)=NCCCC(N)C(=O)O,NC(N)=NCCCC(N)C(=O)O,NC(N)=NCCCC(N)C(=O)O
9678,CCCc1cscc1C[C@H](NC1=[NH+]C(C)(C)Cc2cc(Cl)ccc21)C(=O)[O-],False,True,True,True,True,True,CCCc1cscc1CC(N=C1NC(C)(C)Cc2cc(Cl)ccc21)C(=O)O,CCCc1cscc1CC(NC1=NC(C)(C)Cc2cc(Cl)ccc21)C(=O)O,CCCc1cscc1CC(NC1=NC(C)(C)Cc2cc(Cl)ccc21)C(=O)O,CCCc1cscc1CC(NC1=NC(C)(C)Cc2cc(Cl)ccc21)C(=O)O
9738,O=C1O[C@H]([C@H](O)CO)C([O-])=C1O,False,True,True,True,True,True,OC[C@@H](O)c1oc(O)c(O)c1O,O=C1O[C@H]([C@H](O)CO)C(O)C1=O,O=C1OC(C(O)CO)C(O)=C1O,O=C1OC(C(O)CO)C(O)=C1O
9750,C[NH+](C)[C@@H]1C([O-])=C(C(N)=O)C(=O)[C@@]2(O)C([O-])=C3C(=O)c4c([O-])cccc4[C@@](C)(O)[C@H]3C[C@@H]12,False,True,True,True,True,True,CN(C)C1C(=O)C(C(N)=O)C(=O)[C@@]2(O)C(=O)C3C(=O)c4c(O)cccc4[C@@](C)(O)[C@H]3C[C@@H]12,CN(C)[C@@H]1C(O)=C(C(N)=O)C(=O)[C@@]2(O)C(O)=C3C(=O)c4c(O)cccc4[C@@](C)(O)[C@H]3C[C@@H]12,CN(C)C1C(O)=C(C(N)=O)C(=O)C2(O)C(O)=C3C(=O)c4c(O)cccc4C(C)(O)C3CC12,CN(C)C1C(O)=C(C(N)=O)C(=O)C2(O)C(O)=C3C(=O)c4c(O)cccc4C(C)(O)C3CC12
9751,O=C1CN2Cc3c(ccc(Cl)c3Cl)[NH+]=C2N1,False,True,True,True,True,True,Oc1cn2c(n1)Nc1ccc(Cl)c(Cl)c1C2,O=C1CN2Cc3c(ccc(Cl)c3Cl)N=C2N1,O=C1CN2Cc3c(ccc(Cl)c3Cl)N=C2N1,O=C1CN2Cc3c(ccc(Cl)c3Cl)N=C2N1
9930,NC(=O)CCC1NC(=O)C(Cc2ccccc2)NC(=O)C(Cc2ccc(O)cc2)NC(=O)C([NH3+])CSSCC(C(=O)N2CCCC2C(=O)NC(CCC[NH+]=C(N)N)C(=O)NCC(N)=O)NC(=O)C(CC(N)=O)NC1=O,False,True,True,True,True,True,N=C(N)NCCCC(NC(=O)C1CCCN1C(=O)C1CSSCC(N)C(=O)NC(Cc2ccc(O)cc2)C(=O)NC(Cc2ccccc2)C(=O)NC(CCC(N)=O)C(=O)NC(CC(N)=O)C(=O)N1)C(=O)NCC(N)=O,NC(=O)CCC1NC(=O)C(Cc2ccccc2)NC(=O)C(Cc2ccc(O)cc2)NC(=O)C(N)CSSCC(C(=O)N2CCCC2C(=O)NC(CCCN=C(N)N)C(=O)NCC(N)=O)NC(=O)C(CC(N)=O)NC1=O,NC(=O)CCC1NC(=O)C(Cc2ccccc2)NC(=O)C(Cc2ccc(O)cc2)NC(=O)C(N)CSSCC(C(=O)N2CCCC2C(=O)NC(CCCN=C(N)N)C(=O)NCC(N)=O)NC(=O)C(CC(N)=O)NC1=O,NC(=O)CCC1NC(=O)C(Cc2ccccc2)NC(=O)C(Cc2ccc(O)cc2)NC(=O)C(N)CSSCC(C(=O)N2CCCC2C(=O)NC(CCCN=C(N)N)C(=O)NCC(N)=O)NC(=O)C(CC(N)=O)NC1=O
10101,[2H]C([2H])([2H])[C@H](N)Cc1ccccc1.[2H]C([2H])([2H])[C@H](N)Cc1ccccc1,True,False,True,True,False,True,[2H]C([2H])([2H])[C@H](N)Cc1ccccc1,[2H]C([2H])([2H])[C@H](N)Cc1ccccc1,CC(N)Cc1ccccc1,[H]C([H])([H])C(N)Cc1ccccc1
10232,NC(N)=[NH+]CC1COC2(CCCCC2)O1,False,True,True,True,True,True,N=C(N)NCC1COC2(CCCCC2)O1,NC(N)=NCC1COC2(CCCCC2)O1,NC(N)=NCC1COC2(CCCCC2)O1,NC(N)=NCC1COC2(CCCCC2)O1
10509,O=C1c2c([O-])ccc([O-])c2C(=O)c2c(NCC[NH2+]CCO)ccc(NCC[NH2+]CCO)c21,False,True,True,True,True,True,O=C1C=CC(=O)c2c1c(O)c1c(NCCNCCO)ccc(NCCNCCO)c1c2O,O=C1c2c(O)ccc(O)c2C(=O)c2c(NCCNCCO)ccc(NCCNCCO)c21,O=C1c2c(O)ccc(O)c2C(=O)c2c(NCCNCCO)ccc(NCCNCCO)c21,O=C1c2c(O)ccc(O)c2C(=O)c2c(NCCNCCO)ccc(NCCNCCO)c21
10752,CN1C(=[NH2+])NC(c2ccccc2)(c2ccccc2)C1=O,False,True,True,True,True,True,CN1C(=O)C(c2ccccc2)(c2ccccc2)N=C1N,CN1C(=N)NC(c2ccccc2)(c2ccccc2)C1=O,CN1C(=N)NC(c2ccccc2)(c2ccccc2)C1=O,CN1C(=N)NC(c2ccccc2)(c2ccccc2)C1=O
11144,C[C@@]1(c2cccc(-c3cccnc3)c2)N=C(c2ccccc2)C(N)=[NH+]1,False,True,True,True,True,True,C[C@@]1(c2cccc(-c3cccnc3)c2)N=C(c2ccccc2)C(=N)N1,C[C@]1(c2cccc(-c3cccnc3)c2)N=C(N)C(c2ccccc2)=N1,CC1(c2cccc(-c3cccnc3)c2)N=C(N)C(c2ccccc2)=N1,CC1(c2cccc(-c3cccnc3)c2)N=C(N)C(c2ccccc2)=N1
11303,COc1cccc(-c2cccc(C3(c4ccccc4)NC(=[NH2+])N(C)C3=O)c2)c1,False,True,True,True,True,True,COc1cccc(-c2cccc(C3(c4ccccc4)N=C(N)N(C)C3=O)c2)c1,COc1cccc(-c2cccc(C3(c4ccccc4)NC(=N)N(C)C3=O)c2)c1,COc1cccc(-c2cccc(C3(c4ccccc4)NC(=N)N(C)C3=O)c2)c1,COc1cccc(-c2cccc(C3(c4ccccc4)NC(=N)N(C)C3=O)c2)c1
12221,O=C1CP([O-])([O-])=[O+][Ga-3]23([O+]=P([O-])([O-])CC(=O)[OH+]2)([O+]=P([O-])([O-])CC(=O)[OH+]3)[OH+]1,False,True,True,True,True,True,O=C1CP(O)(O)=[O+][Ga-3]23([O+]=C(O)CP([O-])([O-])=[O+]2)([O+]=C(O)CP([O-])(O)=[O+]3)[OH+]1,O=C1CP([O-])(O)=[O+][Ga-3]23([O+]=C(O)CP([O-])([O-])=[O+]2)([O+]=C(O)CP([O-])([O-])=[O+]3)[OH+]1,O=C1CP([O-])([O-])=[O+][Ga-3]23([O+]=P([O-])(O)CC(=O)[OH+]2)([O+]=P(O)(O)CC(=O)[OH+]3)[OH+]1,O=C1CP([O-])([O-])=[O+][Ga-3]23([O+]=P([O-])(O)CC(=O)[OH+]2)([O+]=P(O)(O)CC(=O)[OH+]3)[OH+]1
12366,NC1=[NH+]C(c2cccc(-c3cncnc3)c2)(c2ccnc(C(F)F)c2)c2cccc(F)c21,False,True,True,True,True,True,N=C1NC(c2cccc(-c3cncnc3)c2)(c2ccnc(C(F)F)c2)c2cccc(F)c21,NC1=NC(c2cccc(-c3cncnc3)c2)(c2ccnc(C(F)F)c2)c2cccc(F)c21,NC1=NC(c2cccc(-c3cncnc3)c2)(c2ccnc(C(F)F)c2)c2cccc(F)c21,NC1=NC(c2cccc(-c3cncnc3)c2)(c2ccnc(C(F)F)c2)c2cccc(F)c21
12555,C=C1c2cccc([O-])c2C(=O)C2=C([O-])[C@]3(O)C(=O)C(C(N)=O)=C([O-])[C@@H]([NH+](C)C)[C@@H]3[C@@H](O)[C@H]12,False,True,True,True,True,True,C=C1c2cccc(O)c2C(=O)C2C(=O)[C@]3(O)C(=O)C(C(N)=O)C(=O)C(N(C)C)[C@@H]3[C@@H](O)[C@H]12,C=C1c2cccc(O)c2C(=O)C2=C(O)[C@]3(O)C(=O)C(C(N)=O)=C(O)[C@@H](N(C)C)[C@@H]3[C@@H](O)[C@H]12,C=C1c2cccc(O)c2C(=O)C2=C(O)C3(O)C(=O)C(C(N)=O)=C(O)C(N(C)C)C3C(O)C12,C=C1c2cccc(O)c2C(=O)C2=C(O)C3(O)C(=O)C(C(N)=O)=C(O)C(N(C)C)C3C(O)C12
12770,[S-]c1nc2ccccc2s1,False,True,True,True,True,True,S=c1[nH]c2ccccc2s1,Sc1nc2ccccc2s1,Sc1nc2ccccc2s1,Sc1nc2ccccc2s1
13066,CC#Cc1cncc(-c2cc(Cl)c(C3(C)CC(=O)N(C)C(=[NH2+])N3)s2)c1,False,True,True,True,True,True,CC#Cc1cncc(-c2cc(Cl)c(C3(C)CC(=O)N(C)C(N)=N3)s2)c1,CC#Cc1cncc(-c2cc(Cl)c(C3(C)CC(=O)N(C)C(=N)N3)s2)c1,CC#Cc1cncc(-c2cc(Cl)c(C3(C)CC(=O)N(C)C(=N)N3)s2)c1,CC#Cc1cncc(-c2cc(Cl)c(C3(C)CC(=O)N(C)C(=N)N3)s2)c1
13335,CC1(C)Cc2cc(Cl)ccc2C(N[C@@H](Cc2ccccc2)c2ncc(C#N)c(=O)[nH]2)=[NH+]1,False,True,True,True,True,True,CC1(C)Cc2cc(Cl)ccc2C(=N[C@@H](Cc2ccccc2)c2nc(=O)c(C#N)c[nH]2)N1,CC1(C)Cc2cc(Cl)ccc2C(N[C@@H](Cc2ccccc2)c2nc(=O)c(C#N)c[nH]2)=N1,CC1(C)Cc2cc(Cl)ccc2C(NC(Cc2ccccc2)c2ncc(C#N)c(=O)[nH]2)=N1,CC1(C)Cc2cc(Cl)ccc2C(NC(Cc2ccccc2)c2ncc(C#N)c(=O)[nH]2)=N1
13762,CN1C(=[NH2+])NC(c2cccc(-c3cncc(Cl)c3)c2)(C2CC2)C1=O,False,True,True,True,True,True,CN1C(=O)C(c2cccc(-c3cncc(Cl)c3)c2)(C2CC2)N=C1N,CN1C(=N)NC(c2cccc(-c3cncc(Cl)c3)c2)(C2CC2)C1=O,CN1C(=N)NC(c2cccc(-c3cncc(Cl)c3)c2)(C2CC2)C1=O,CN1C(=N)NC(c2cccc(-c3cncc(Cl)c3)c2)(C2CC2)C1=O
13905,CCCCCCOC(=O)/[NH+]=C(/N)c1ccc(NCc2nc3cc(C(=O)N(CCC(=O)OCC)c4ccccn4)ccc3n2C)cc1,False,True,True,True,True,True,CCCCCCOC(=O)N=C(N)c1ccc(NCc2nc3cc(C(=O)N(CCC(=O)OCC)c4ccccn4)ccc3n2C)cc1,CCCCCCOC(=O)/N=C(/N)c1ccc(NCc2nc3cc(C(=O)N(CCC(=O)OCC)c4ccccn4)ccc3n2C)cc1,CCCCCCOC(=O)N=C(N)c1ccc(NCc2nc3cc(C(=O)N(CCC(=O)OCC)c4ccccn4)ccc3n2C)cc1,CCCCCCOC(=O)N=C(N)c1ccc(NCc2nc3cc(C(=O)N(CCC(=O)OCC)c4ccccn4)ccc3n2C)cc1
14350,CC(C)/[NH+]=C(N)/[NH+]=C(\N)Nc1ccc(Cl)cc1,False,True,True,True,True,True,CC(C)N=C(N)N=C(N)Nc1ccc(Cl)cc1,CC(C)/N=C(N)/N=C(\N)Nc1ccc(Cl)cc1,CC(C)N=C(N)N=C(N)Nc1ccc(Cl)cc1,CC(C)N=C(N)N=C(N)Nc1ccc(Cl)cc1
14496,CO[C@@H]1[C@@H](OC(N)=O)[C@@H](O)[C@H](Oc2ccc3c([O-])c(NC(=O)c4ccc(O)c(CC=C(C)C)c4)c(=O)oc3c2C)OC1(C)C,False,True,True,True,True,True,CO[C@@H]1[C@@H](OC(N)=O)[C@@H](O)[C@H](Oc2ccc3c(=O)c(NC(=O)c4ccc(O)c(CC=C(C)C)c4)c(O)oc3c2C)OC1(C)C,CO[C@@H]1[C@@H](OC(N)=O)[C@@H](O)[C@H](Oc2ccc3c(O)c(NC(=O)c4ccc(O)c(CC=C(C)C)c4)c(=O)oc3c2C)OC1(C)C,COC1C(OC(N)=O)C(O)C(Oc2ccc3c(O)c(NC(=O)c4ccc(O)c(CC=C(C)C)c4)c(=O)oc3c2C)OC1(C)C,COC1C(OC(N)=O)C(O)C(Oc2ccc3c(O)c(NC(=O)c4ccc(O)c(CC=C(C)C)c4)c(=O)oc3c2C)OC1(C)C
14655,C[C@@]1(c2cc(NC(=O)c3ccc(Cl)cn3)ccc2F)C[C@@H]2C[C@@H]2C(N)=[NH+]1,False,True,True,True,True,True,C[C@@]1(c2cc(NC(=O)c3ccc(Cl)cn3)ccc2F)C[C@@H]2C[C@@H]2C(=N)N1,C[C@@]1(c2cc(NC(=O)c3ccc(Cl)cn3)ccc2F)C[C@@H]2C[C@@H]2C(N)=N1,CC1(c2cc(NC(=O)c3ccc(Cl)cn3)ccc2F)CC2CC2C(N)=N1,CC1(c2cc(NC(=O)c3ccc(Cl)cn3)ccc2F)CC2CC2C(N)=N1
14672,O=C1O[C@H]([C@@H](O)CO)C([O-])=C1O,False,True,True,True,True,True,OC[C@H](O)c1oc(O)c(O)c1O,O=C1O[C@H]([C@@H](O)CO)C(O)C1=O,O=C1OC(C(O)CO)C(O)=C1O,O=C1OC(C(O)CO)C(O)=C1O
