pair_id,gold_relation,n_shared_assays,activity_label_agreement,median_abs_pchembl_diff
chembl_exact_self_000592,exact,0,,
chembl_exact_self_000832,exact,80,1.0,0.0
chembl_exact_self_000791,exact,1,1.0,0.0
chembl_exact_self_000476,exact,3,1.0,0.0
chembl_exact_self_000460,exact,18,1.0,0.0
chembl_exact_self_000540,exact,3,1.0,0.0
chembl_exact_self_000769,exact,0,,
chembl_exact_self_000376,exact,5,1.0,0.0
chembl_exact_self_000534,exact,0,,
chembl_exact_self_000352,exact,4,1.0,0.0
chembl_exact_self_000504,exact,39,0.9487179487179487,0.0
chembl_exact_self_000378,exact,37,1.0,0.0
chembl_exact_self_000371,exact,2,1.0,0.0
chembl_exact_self_000535,exact,0,,
chembl_exact_self_000563,exact,2,1.0,0.0
chembl_exact_self_000358,exact,15,1.0,0.0
chembl_exact_self_000732,exact,0,,
chembl_exact_self_000936,exact,8,1.0,0.0
chembl_exact_self_000487,exact,80,1.0,0.0
chembl_exact_self_000993,exact,0,,
chembl_exact_self_000760,exact,38,1.0,0.0
chembl_exact_self_000874,exact,3,1.0,0.0
chembl_exact_self_000873,exact,1,1.0,0.0
chembl_exact_self_000473,exact,2,1.0,0.0
chembl_exact_self_000934,exact,0,,
chembl_exact_self_000598,exact,5,1.0,0.0
chembl_exact_self_000335,exact,4,1.0,0.0
chembl_exact_self_000716,exact,0,,
chembl_exact_self_000321,exact,4,1.0,0.0
chembl_exact_self_000784,exact,12,1.0,0.0
chembl_exact_self_000946,exact,0,,
chembl_exact_self_000761,exact,0,,
chembl_exact_self_000286,exact,7,1.0,0.0
chembl_exact_self_000653,exact,3,1.0,0.0
chembl_exact_self_000153,exact,0,,
chembl_exact_self_000083,exact,1,1.0,0.0
chembl_exact_self_000404,exact,3,1.0,0.0
chembl_exact_self_000103,exact,0,,
chembl_exact_self_000977,exact,0,,
chembl_exact_self_000968,exact,80,1.0,0.0
chembl_exact_self_000258,exact,3,1.0,0.0
chembl_exact_self_000657,exact,0,,
chembl_exact_self_000210,exact,2,1.0,0.0
chembl_exact_self_000630,exact,1,1.0,0.0
chembl_exact_self_000257,exact,3,1.0,0.0
chembl_exact_self_000532,exact,0,,
chembl_exact_self_000695,exact,0,,
chembl_exact_self_000883,exact,0,,
chembl_exact_self_000415,exact,2,1.0,0.0
chembl_exact_self_000271,exact,3,1.0,0.0
chembl_exact_self_000848,exact,0,,
chembl_exact_self_000614,exact,1,1.0,0.0
chembl_exact_self_000280,exact,0,,
chembl_exact_self_000974,exact,4,1.0,0.0
chembl_exact_self_000457,exact,0,,
chembl_exact_self_000932,exact,1,1.0,0.0
chembl_exact_self_000050,exact,2,1.0,0.0
chembl_exact_self_000139,exact,1,1.0,0.0
chembl_exact_self_000449,exact,2,1.0,0.0
chembl_exact_self_000992,exact,0,,
chembl_exact_self_000431,exact,1,1.0,0.0
chembl_exact_self_000275,exact,2,1.0,0.0
chembl_exact_self_000564,exact,0,,
chembl_exact_self_000107,exact,0,,
chembl_exact_self_000704,exact,2,1.0,0.0
chembl_exact_self_000976,exact,2,1.0,0.0
chembl_exact_self_000181,exact,3,1.0,0.0
chembl_exact_self_000984,exact,8,1.0,0.0
chembl_exact_self_000740,exact,80,1.0,0.0
chembl_exact_self_000439,exact,0,,
chembl_exact_self_000485,exact,1,1.0,0.0
chembl_exact_self_000438,exact,0,,
chembl_exact_self_000989,exact,0,,
chembl_exact_self_000565,exact,0,,
chembl_exact_self_000475,exact,0,,
chembl_exact_self_000741,exact,4,1.0,0.0
chembl_exact_self_000859,exact,0,,
chembl_exact_self_000659,exact,0,,
chembl_exact_self_000624,exact,1,1.0,0.0
chembl_exact_self_000635,exact,2,1.0,0.0
chembl_exact_self_000456,exact,0,,
chembl_exact_self_000788,exact,0,,
chembl_exact_self_000679,exact,2,1.0,0.0
chembl_exact_self_000458,exact,1,1.0,0.0
chembl_exact_self_000505,exact,0,,
chembl_exact_self_000363,exact,23,1.0,0.0
chembl_exact_self_000310,exact,7,1.0,0.0
chembl_exact_self_000419,exact,1,1.0,0.0
chembl_exact_self_000917,exact,0,,
chembl_exact_self_000136,exact,5,1.0,0.0
chembl_exact_self_000076,exact,1,1.0,0.0
chembl_exact_self_000795,exact,80,0.975,0.0
chembl_exact_self_000531,exact,0,,
chembl_exact_self_000220,exact,4,1.0,0.0
chembl_exact_self_000582,exact,2,1.0,0.0
chembl_exact_self_000840,exact,0,,
chembl_exact_self_000089,exact,1,1.0,0.0
chembl_exact_self_000316,exact,1,1.0,0.0
chembl_exact_self_000727,exact,3,1.0,0.0
chembl_exact_self_000586,exact,1,1.0,0.0
chembl_exact_self_000190,exact,2,1.0,0.0
chembl_exact_self_000374,exact,0,,
chembl_exact_self_000488,exact,0,,
chembl_exact_self_000771,exact,2,1.0,0.0
chembl_exact_self_000318,exact,0,,
chembl_exact_self_000274,exact,2,1.0,0.0
chembl_exact_self_000360,exact,0,,
chembl_exact_self_000306,exact,0,,
chembl_exact_self_000847,exact,0,,
chembl_exact_self_000279,exact,4,1.0,0.0
chembl_exact_self_000362,exact,0,,
chembl_exact_self_000547,exact,0,,
chembl_exact_self_000443,exact,2,1.0,0.0
chembl_exact_self_000459,exact,0,,
chembl_exact_self_000546,exact,1,1.0,0.0
chembl_exact_self_000947,exact,0,,
chembl_exact_self_000250,exact,3,1.0,0.0
chembl_exact_self_000452,exact,0,,
chembl_exact_self_000037,exact,1,1.0,0.0
chembl_exact_self_000924,exact,4,1.0,0.0
chembl_exact_self_000723,exact,0,,
chembl_exact_self_000173,exact,0,,
chembl_exact_self_000159,exact,3,1.0,0.0
chembl_exact_self_000454,exact,1,1.0,0.0
chembl_exact_self_000388,exact,24,1.0,0.0
chembl_exact_self_000881,exact,4,1.0,0.0
chembl_exact_self_000787,exact,0,,
chembl_exact_self_000785,exact,0,,
chembl_exact_self_000663,exact,0,,
chembl_exact_self_000500,exact,1,1.0,0.0
chembl_exact_self_000561,exact,1,1.0,0.0
chembl_exact_self_000161,exact,2,1.0,0.0
chembl_exact_self_000811,exact,0,,
chembl_exact_self_000396,exact,0,,
chembl_exact_self_000268,exact,4,1.0,0.0
chembl_exact_self_000956,exact,0,,
chembl_exact_self_000722,exact,0,,
chembl_exact_self_000939,exact,80,1.0,0.0
chembl_exact_self_000129,exact,21,1.0,0.0
chembl_exact_self_000527,exact,0,,
chembl_exact_self_000545,exact,80,1.0,0.0
chembl_exact_self_000041,exact,1,1.0,0.0
chembl_exact_self_000070,exact,0,,
chembl_exact_self_000111,exact,1,1.0,0.0
chembl_exact_self_000935,exact,3,1.0,0.0
chembl_exact_self_000330,exact,1,1.0,0.0
chembl_exact_self_000082,exact,1,1.0,0.0
chembl_exact_self_000106,exact,0,,
chembl_exact_self_000911,exact,1,1.0,0.0
chembl_exact_self_000369,exact,4,1.0,0.0
chembl_exact_self_000327,exact,1,1.0,0.0
chembl_exact_self_000801,exact,0,,
chembl_exact_self_000411,exact,28,1.0,0.0
chembl_exact_self_000425,exact,0,,
chembl_exact_self_000718,exact,0,,
chembl_exact_self_000340,exact,1,1.0,0.0
chembl_exact_self_000209,exact,4,1.0,0.0
chembl_exact_self_000091,exact,80,1.0,0.0
chembl_exact_self_000276,exact,4,1.0,0.0
chembl_exact_self_000011,exact,0,,
chembl_exact_self_000926,exact,2,1.0,0.0
chembl_exact_self_000145,exact,3,1.0,0.0
chembl_exact_self_000725,exact,0,,
chembl_exact_self_000068,exact,0,,
chembl_exact_self_000428,exact,1,1.0,0.0
chembl_exact_self_000631,exact,0,,
chembl_exact_self_000996,exact,1,1.0,0.0
chembl_exact_self_000858,exact,3,1.0,0.0
chembl_exact_self_000240,exact,70,1.0,0.0
chembl_exact_self_000642,exact,0,,
chembl_exact_self_000600,exact,7,1.0,0.0
chembl_exact_self_000169,exact,0,,
chembl_exact_self_000167,exact,2,1.0,0.0
chembl_exact_self_000558,exact,0,,
chembl_exact_self_000417,exact,1,1.0,0.0
chembl_exact_self_000437,exact,6,1.0,0.0
chembl_exact_self_000920,exact,1,1.0,0.0
chembl_exact_self_000803,exact,80,1.0,0.0
chembl_exact_self_000299,exact,1,1.0,0.0
chembl_exact_self_000429,exact,3,1.0,0.0
chembl_exact_self_000808,exact,0,,
chembl_exact_self_000533,exact,4,1.0,0.0
chembl_exact_self_000320,exact,0,,
chembl_exact_self_000816,exact,4,1.0,0.0
chembl_exact_self_000636,exact,1,1.0,0.0
chembl_exact_self_000786,exact,0,,
chembl_exact_self_000331,exact,1,1.0,0.0
chembl_exact_self_000577,exact,0,,
chembl_exact_self_000408,exact,5,1.0,0.0
chembl_exact_self_000696,exact,3,1.0,0.0
chembl_exact_self_000138,exact,1,1.0,0.0
chembl_exact_self_000980,exact,2,1.0,0.0
chembl_exact_self_000064,exact,0,,
chembl_exact_self_000135,exact,4,1.0,0.0
chembl_exact_self_000573,exact,0,,
chembl_exact_self_000372,exact,2,1.0,0.0
chembl_exact_self_000005,exact,0,,
chembl_exact_self_000035,exact,3,1.0,0.0
chembl_exact_self_000474,exact,2,1.0,0.0
chembl_exact_self_000038,exact,1,1.0,0.0
chembl_exact_self_000384,exact,2,1.0,0.0
chembl_exact_self_000751,exact,0,,
chembl_exact_self_000570,exact,0,,
chembl_exact_self_000965,exact,0,,
chembl_exact_self_000856,exact,3,1.0,0.0
chembl_exact_self_000698,exact,0,,
chembl_exact_self_000860,exact,3,1.0,0.0
chembl_exact_self_000063,exact,0,,
chembl_exact_self_000566,exact,1,1.0,0.0
chembl_exact_self_000551,exact,0,,
chembl_exact_self_000346,exact,4,1.0,0.0
chembl_exact_self_000168,exact,65,1.0,0.0
chembl_exact_self_000606,exact,2,1.0,0.0
chembl_exact_self_000198,exact,2,1.0,0.0
chembl_exact_self_000054,exact,0,,
chembl_exact_self_000962,exact,80,1.0,0.0
chembl_exact_self_000270,exact,3,1.0,0.0
chembl_exact_self_000943,exact,3,1.0,0.0
chembl_exact_self_000130,exact,0,,
chembl_exact_self_000427,exact,0,,
chembl_exact_self_000904,exact,0,,
chembl_exact_self_000435,exact,1,1.0,0.0
chembl_exact_self_000217,exact,74,1.0,0.0
chembl_exact_self_000222,exact,2,1.0,0.0
chembl_exact_self_000131,exact,1,1.0,0.0
chembl_exact_self_000981,exact,3,1.0,0.0
chembl_exact_self_000027,exact,2,1.0,0.0
chembl_exact_self_000087,exact,0,,
chembl_exact_self_000572,exact,0,,
chembl_exact_self_000192,exact,8,1.0,0.0
chembl_exact_self_000491,exact,2,1.0,0.0
chembl_exact_self_000093,exact,1,1.0,0.0
chembl_exact_self_000591,exact,20,1.0,0.0
chembl_parent_000846,parent,0,,
chembl_parent_002338,parent,0,,
chembl_parent_002979,parent,0,,
chembl_parent_000136,parent,0,,
chembl_parent_000321,parent,0,,
chembl_parent_002616,parent,0,,
chembl_parent_002763,parent,0,,
chembl_parent_001579,parent,0,,
chembl_parent_001352,parent,0,,
chembl_parent_001131,parent,0,,
chembl_parent_001223,parent,0,,
chembl_parent_001566,parent,0,,
chembl_parent_001758,parent,0,,
chembl_parent_000542,parent,0,,
chembl_parent_002762,parent,0,,
chembl_parent_002702,parent,0,,
chembl_parent_002368,parent,0,,
chembl_parent_000678,parent,0,,
chembl_parent_002025,parent,0,,
chembl_parent_000953,parent,0,,
chembl_parent_002353,parent,0,,
chembl_parent_000075,parent,0,,
chembl_parent_002535,parent,0,,
chembl_parent_002596,parent,0,,
chembl_parent_002673,parent,0,,
chembl_parent_000446,parent,0,,
chembl_parent_002640,parent,0,,
chembl_parent_000706,parent,0,,
chembl_parent_002914,parent,0,,
chembl_parent_000837,parent,0,,
chembl_parent_001904,parent,0,,
chembl_parent_002030,parent,0,,
chembl_parent_000475,parent,0,,
chembl_parent_000661,parent,0,,
chembl_parent_000767,parent,0,,
chembl_parent_000930,parent,0,,
chembl_parent_000671,parent,0,,
chembl_parent_000258,parent,0,,
chembl_parent_000052,parent,0,,
chembl_parent_000242,parent,0,,
chembl_parent_002922,parent,0,,
chembl_parent_000789,parent,0,,
chembl_parent_002364,parent,0,,
chembl_parent_001671,parent,0,,
chembl_parent_000858,parent,0,,
chembl_parent_001875,parent,0,,
chembl_parent_000704,parent,0,,
chembl_parent_002060,parent,0,,
chembl_parent_001266,parent,0,,
chembl_parent_001648,parent,0,,
chembl_parent_000333,parent,0,,
chembl_parent_000785,parent,0,,
chembl_parent_001599,parent,0,,
chembl_parent_001884,parent,0,,
chembl_parent_001750,parent,0,,
chembl_parent_001827,parent,0,,
chembl_parent_002621,parent,0,,
chembl_parent_001195,parent,0,,
chembl_parent_001686,parent,0,,
chembl_parent_001495,parent,0,,
chembl_parent_002627,parent,0,,
chembl_parent_001216,parent,0,,
chembl_parent_000335,parent,0,,
chembl_parent_001222,parent,0,,
chembl_parent_000588,parent,0,,
chembl_parent_000478,parent,0,,
chembl_parent_002083,parent,0,,
chembl_parent_002128,parent,0,,
chembl_parent_002807,parent,0,,
chembl_parent_002174,parent,0,,
chembl_parent_002445,parent,0,,
chembl_parent_000138,parent,0,,
chembl_parent_000545,parent,0,,
chembl_parent_002285,parent,0,,
chembl_parent_001053,parent,0,,
chembl_parent_002849,parent,0,,
chembl_parent_000310,parent,0,,
chembl_parent_002720,parent,0,,
chembl_parent_001464,parent,0,,
chembl_parent_000728,parent,0,,
chembl_parent_001663,parent,0,,
chembl_parent_002035,parent,0,,
chembl_parent_001067,parent,0,,
chembl_parent_000334,parent,0,,
chembl_parent_000233,parent,0,,
chembl_parent_002706,parent,0,,
chembl_parent_002691,parent,0,,
chembl_parent_002276,parent,0,,
chembl_parent_002666,parent,0,,
chembl_parent_000202,parent,0,,
chembl_parent_001445,parent,0,,
chembl_parent_000569,parent,0,,
chembl_parent_000305,parent,0,,
chembl_parent_002875,parent,0,,
chembl_parent_002294,parent,0,,
chembl_parent_000998,parent,0,,
chembl_parent_001120,parent,0,,
chembl_parent_000124,parent,0,,
chembl_parent_000634,parent,0,,
chembl_parent_000904,parent,0,,
chembl_parent_002724,parent,0,,
chembl_parent_000359,parent,0,,
chembl_parent_000573,parent,0,,
chembl_parent_000039,parent,0,,
chembl_parent_002473,parent,0,,
chembl_parent_000398,parent,0,,
chembl_parent_002939,parent,0,,
chembl_parent_001310,parent,0,,
chembl_parent_001486,parent,0,,
chembl_parent_001112,parent,0,,
chembl_parent_001087,parent,0,,
chembl_parent_000473,parent,0,,
chembl_parent_001652,parent,0,,
chembl_parent_002896,parent,0,,
chembl_parent_002462,parent,0,,
chembl_parent_000901,parent,0,,
chembl_parent_000415,parent,0,,
chembl_parent_000548,parent,0,,
chembl_parent_000137,parent,0,,
chembl_parent_002230,parent,0,,
chembl_parent_002226,parent,0,,
chembl_parent_000135,parent,0,,
chembl_parent_000502,parent,0,,
chembl_parent_001331,parent,0,,
chembl_parent_000791,parent,0,,
chembl_parent_002453,parent,0,,
chembl_parent_002797,parent,0,,
chembl_parent_002090,parent,0,,
chembl_parent_000206,parent,0,,
chembl_parent_001665,parent,0,,
chembl_parent_002029,parent,0,,
chembl_parent_002676,parent,0,,
chembl_parent_000295,parent,0,,
chembl_parent_001250,parent,0,,
chembl_parent_001359,parent,0,,
chembl_parent_002944,parent,0,,
chembl_parent_001039,parent,0,,
chembl_parent_001335,parent,0,,
chembl_parent_000924,parent,0,,
chembl_parent_000794,parent,0,,
chembl_parent_002601,parent,0,,
chembl_parent_001944,parent,0,,
chembl_parent_000566,parent,0,,
chembl_parent_001993,parent,0,,
chembl_parent_000575,parent,0,,
chembl_parent_002580,parent,0,,
chembl_parent_001396,parent,0,,
chembl_parent_002393,parent,0,,
chembl_parent_002137,parent,0,,
chembl_parent_001948,parent,0,,
chembl_parent_001061,parent,0,,
chembl_parent_000921,parent,0,,
chembl_parent_000407,parent,0,,
chembl_parent_002809,parent,0,,
chembl_parent_001088,parent,0,,
chembl_parent_002326,parent,0,,
chembl_parent_001896,parent,0,,
chembl_parent_000811,parent,0,,
chembl_parent_001247,parent,0,,
chembl_parent_000867,parent,0,,
chembl_parent_001581,parent,0,,
chembl_parent_000245,parent,0,,
chembl_parent_002745,parent,0,,
chembl_parent_002306,parent,0,,
chembl_parent_002522,parent,0,,
chembl_parent_002467,parent,0,,
chembl_parent_001025,parent,0,,
chembl_parent_000734,parent,0,,
chembl_parent_001406,parent,0,,
chembl_parent_001600,parent,0,,
chembl_parent_000410,parent,0,,
chembl_parent_000742,parent,0,,
chembl_parent_000340,parent,0,,
chembl_parent_001170,parent,0,,
chembl_parent_001984,parent,0,,
chembl_parent_001419,parent,0,,
chembl_parent_002853,parent,0,,
chembl_parent_002447,parent,0,,
chembl_parent_001356,parent,0,,
chembl_parent_001637,parent,0,,
chembl_parent_001990,parent,0,,
chembl_parent_001820,parent,0,,
chembl_parent_001219,parent,0,,
chembl_parent_002661,parent,0,,
chembl_parent_001801,parent,0,,
chembl_parent_000011,parent,0,,
chembl_parent_000819,parent,0,,
chembl_parent_000540,parent,0,,
chembl_parent_002437,parent,0,,
chembl_parent_001458,parent,0,,
chembl_parent_002954,parent,0,,
chembl_parent_002881,parent,0,,
chembl_parent_002058,parent,0,,
chembl_parent_000517,parent,0,,
chembl_parent_001260,parent,0,,
chembl_parent_001205,parent,0,,
chembl_parent_002117,parent,0,,
chembl_parent_000516,parent,0,,
chembl_parent_001914,parent,0,,
chembl_parent_001786,parent,0,,
chembl_parent_000160,parent,0,,
chembl_parent_001642,parent,0,,
chembl_parent_001799,parent,0,,
chembl_parent_000351,parent,0,,
chembl_parent_001848,parent,0,,
chembl_parent_002498,parent,0,,
chembl_parent_000476,parent,0,,
chembl_parent_001947,parent,0,,
chembl_parent_002827,parent,0,,
chembl_parent_000507,parent,0,,
chembl_parent_000214,parent,0,,
chembl_parent_001241,parent,0,,
chembl_parent_001077,parent,0,,
chembl_parent_000266,parent,0,,
chembl_parent_001378,parent,0,,
chembl_parent_002833,parent,0,,
chembl_parent_000692,parent,0,,
chembl_parent_001805,parent,0,,
chembl_parent_002562,parent,0,,
chembl_parent_002703,parent,0,,
chembl_parent_002532,parent,0,,
chembl_parent_002824,parent,0,,
chembl_parent_001020,parent,0,,
chembl_parent_000539,parent,0,,
chembl_parent_001934,parent,0,,
chembl_parent_001125,parent,0,,
chembl_parent_000843,parent,0,,
chembl_parent_002448,parent,0,,
chembl_parent_002784,parent,0,,
chembl_parent_002837,parent,0,,
chembl_parent_000842,parent,0,,
chembl_parent_002072,parent,0,,
chembl_parent_002419,parent,0,,
chembl_stereo_001165,stereo,0,,
chembl_stereo_000898,stereo,0,,
chembl_stereo_000517,stereo,0,,
chembl_stereo_000318,stereo,0,,
chembl_stereo_000661,stereo,0,,
chembl_stereo_000906,stereo,0,,
chembl_stereo_000833,stereo,0,,
chembl_stereo_001760,stereo,0,,
chembl_stereo_000041,stereo,0,,
chembl_stereo_000046,stereo,0,,
chembl_stereo_001703,stereo,1,1.0,0.6100000000000003
chembl_stereo_000121,stereo,2,1.0,0.1200000000000001
chembl_stereo_001206,stereo,0,,
chembl_stereo_001169,stereo,0,,
chembl_stereo_000005,stereo,13,1.0,1.160000000000001
chembl_stereo_001380,stereo,0,,
chembl_stereo_000240,stereo,0,,
chembl_stereo_001499,stereo,0,,
chembl_stereo_001968,stereo,0,,
chembl_stereo_001776,stereo,0,,
chembl_stereo_001287,stereo,0,,
chembl_stereo_000545,stereo,0,,
chembl_stereo_001973,stereo,0,,
chembl_stereo_001395,stereo,0,,
chembl_stereo_001078,stereo,0,,
chembl_stereo_000752,stereo,0,,
chembl_stereo_000870,stereo,0,,
chembl_stereo_000921,stereo,2,1.0,0.14000000000000057
chembl_stereo_001158,stereo,0,,
chembl_stereo_000969,stereo,0,,
chembl_stereo_000647,stereo,0,,
chembl_stereo_001672,stereo,0,,
chembl_stereo_001416,stereo,0,,
chembl_stereo_000735,stereo,0,,
chembl_stereo_001771,stereo,0,,
chembl_stereo_000573,stereo,0,,
chembl_stereo_001634,stereo,1,1.0,0.34000000000000075
chembl_stereo_000375,stereo,0,,
chembl_stereo_001172,stereo,0,,
chembl_stereo_000843,stereo,0,,
chembl_stereo_000150,stereo,49,0.7959183673469388,0.5
chembl_stereo_000307,stereo,0,,
chembl_stereo_001294,stereo,0,,
chembl_stereo_001222,stereo,0,,
chembl_stereo_001559,stereo,0,,
chembl_stereo_001737,stereo,0,,
chembl_stereo_000705,stereo,0,,
chembl_stereo_000393,stereo,0,,
chembl_stereo_000322,stereo,0,,
chembl_stereo_000942,stereo,0,,
chembl_stereo_001426,stereo,1,1.0,0.6999999999999993
chembl_stereo_000226,stereo,0,,
chembl_stereo_000236,stereo,0,,
chembl_stereo_001883,stereo,0,,
chembl_stereo_001566,stereo,0,,
chembl_stereo_001683,stereo,1,1.0,0.6799999999999997
chembl_stereo_001101,stereo,0,,
chembl_stereo_000894,stereo,3,1.0,0.6699999999999999
chembl_stereo_000799,stereo,0,,
chembl_stereo_001286,stereo,2,1.0,0.3699999999999992
chembl_stereo_000902,stereo,0,,
chembl_stereo_000432,stereo,0,,
chembl_stereo_001110,stereo,0,,
chembl_stereo_000779,stereo,4,1.0,0.1499999999999999
chembl_stereo_001513,stereo,0,,
chembl_stereo_000374,stereo,2,1.0,1.125
chembl_stereo_001383,stereo,0,,
chembl_stereo_001195,stereo,0,,
chembl_stereo_001002,stereo,0,,
chembl_stereo_001454,stereo,0,,
chembl_stereo_001548,stereo,0,,
chembl_stereo_001692,stereo,1,1.0,0.6399999999999997
chembl_stereo_001352,stereo,0,,
chembl_stereo_001763,stereo,0,,
chembl_stereo_001506,stereo,0,,
chembl_stereo_000547,stereo,0,,
chembl_stereo_001830,stereo,2,0.5,0.8900000000000001
chembl_stereo_000394,stereo,0,,
chembl_stereo_000542,stereo,0,,
chembl_stereo_001590,stereo,0,,
chembl_stereo_001091,stereo,4,0.75,1.2650000000000001
chembl_stereo_001073,stereo,1,1.0,0.019999999999999574
chembl_stereo_000352,stereo,0,,
chembl_stereo_001431,stereo,1,1.0,0.7999999999999998
chembl_stereo_001747,stereo,0,,
chembl_stereo_001021,stereo,0,,
chembl_stereo_001860,stereo,0,,
chembl_stereo_000427,stereo,0,,
chembl_stereo_001579,stereo,10,1.0,0.25
chembl_stereo_001398,stereo,0,,
chembl_stereo_001780,stereo,0,,
chembl_stereo_000473,stereo,0,,
chembl_stereo_001509,stereo,0,,
chembl_stereo_000214,stereo,0,,
chembl_stereo_001017,stereo,0,,
chembl_stereo_000659,stereo,0,,
chembl_stereo_001362,stereo,2,1.0,0.3349999999999995
chembl_stereo_000125,stereo,0,,
chembl_stereo_000789,stereo,1,1.0,0.009999999999999787
chembl_stereo_000443,stereo,0,,
chembl_stereo_001517,stereo,0,,
chembl_stereo_000493,stereo,2,1.0,0.10000000000000009
chembl_stereo_001087,stereo,1,1.0,0.4800000000000004
chembl_stereo_001979,stereo,0,,
chembl_stereo_001010,stereo,0,,
chembl_stereo_001080,stereo,0,,
chembl_stereo_000953,stereo,0,,
chembl_stereo_001964,stereo,0,,
chembl_stereo_000054,stereo,0,,
chembl_stereo_000032,stereo,0,,
chembl_stereo_001643,stereo,1,1.0,1.549999999999999
chembl_stereo_001283,stereo,0,,
chembl_stereo_000437,stereo,1,1.0,1.6799999999999997
chembl_stereo_001569,stereo,3,1.0,0.9199999999999999
chembl_stereo_000837,stereo,1,1.0,0.0699999999999994
chembl_stereo_001826,stereo,0,,
chembl_stereo_000656,stereo,0,,
chembl_stereo_001531,stereo,0,,
chembl_stereo_000435,stereo,0,,
chembl_stereo_001977,stereo,2,1.0,0.07000000000000028
chembl_stereo_000915,stereo,0,,
chembl_stereo_001356,stereo,0,,
chembl_stereo_000502,stereo,0,,
chembl_stereo_001996,stereo,0,,
chembl_stereo_001111,stereo,0,,
chembl_stereo_001938,stereo,0,,
chembl_stereo_001481,stereo,1,0.0,1.04
chembl_stereo_000988,stereo,1,1.0,0.8499999999999996
chembl_stereo_001580,stereo,0,,
chembl_stereo_000175,stereo,0,,
chembl_stereo_001330,stereo,0,,
chembl_stereo_000238,stereo,0,,
chembl_stereo_001159,stereo,0,,
chembl_stereo_001043,stereo,0,,
chembl_stereo_001523,stereo,0,,
chembl_stereo_001218,stereo,0,,
chembl_stereo_001615,stereo,0,,
chembl_stereo_001701,stereo,0,,
chembl_stereo_000563,stereo,1,1.0,0.5199999999999996
chembl_stereo_001216,stereo,0,,
chembl_stereo_001502,stereo,0,,
chembl_stereo_000286,stereo,0,,
chembl_stereo_000112,stereo,3,1.0,0.08000000000000007
chembl_stereo_000470,stereo,0,,
chembl_stereo_000860,stereo,1,1.0,0.09999999999999964
chembl_stereo_000223,stereo,2,1.0,0.22999999999999998
chembl_stereo_001713,stereo,0,,
chembl_stereo_000993,stereo,0,,
chembl_stereo_001107,stereo,0,,
chembl_stereo_001007,stereo,4,0.5,0.75
chembl_stereo_000791,stereo,0,,
chembl_stereo_001816,stereo,0,,
chembl_stereo_000095,stereo,0,,
chembl_stereo_000132,stereo,0,,
chembl_stereo_000037,stereo,0,,
chembl_stereo_001097,stereo,0,,
chembl_stereo_000618,stereo,0,,
chembl_stereo_000576,stereo,0,,
chembl_stereo_000190,stereo,2,1.0,0.2450000000000001
chembl_stereo_000503,stereo,0,,
chembl_stereo_001797,stereo,0,,
chembl_stereo_001908,stereo,2,1.0,0.6799999999999997
chembl_stereo_001680,stereo,1,1.0,0.17000000000000082
chembl_stereo_001597,stereo,7,0.5714285714285714,0.6200000000000001
chembl_stereo_000665,stereo,2,1.0,1.245
chembl_stereo_000790,stereo,0,,
chembl_stereo_001844,stereo,3,1.0,0.9100000000000001
chembl_stereo_000506,stereo,2,0.5,0.4049999999999998
chembl_stereo_001617,stereo,0,,
chembl_stereo_001018,stereo,0,,
chembl_stereo_001671,stereo,0,,
chembl_stereo_000198,stereo,0,,
chembl_stereo_001556,stereo,0,,
chembl_stereo_000593,stereo,0,,
chembl_stereo_000383,stereo,4,0.5,0.69
chembl_stereo_001279,stereo,0,,
chembl_stereo_001106,stereo,0,,
chembl_stereo_001149,stereo,7,1.0,0.1299999999999999
chembl_stereo_000242,stereo,0,,
chembl_stereo_000474,stereo,0,,
chembl_stereo_001108,stereo,0,,
chembl_stereo_001708,stereo,0,,
chembl_stereo_000580,stereo,0,,
chembl_stereo_001274,stereo,1,0.0,2.509999999999999
chembl_stereo_000926,stereo,1,1.0,1.54
chembl_stereo_000944,stereo,1,1.0,0.3200000000000003
chembl_stereo_000500,stereo,0,,
chembl_stereo_001564,stereo,0,,
chembl_stereo_001237,stereo,12,0.6666666666666666,0.47499999999999964
chembl_stereo_000704,stereo,0,,
chembl_stereo_001201,stereo,0,,
chembl_stereo_001704,stereo,0,,
chembl_stereo_000270,stereo,1,1.0,1.6799999999999997
chembl_stereo_000093,stereo,0,,
chembl_stereo_001697,stereo,1,1.0,0.1299999999999999
chembl_stereo_001163,stereo,5,1.0,0.40000000000000036
chembl_stereo_000627,stereo,0,,
chembl_stereo_001821,stereo,0,,
chembl_stereo_001723,stereo,0,,
chembl_stereo_001479,stereo,0,,
chembl_stereo_001270,stereo,0,,
chembl_stereo_001801,stereo,6,0.6666666666666666,0.12500000000000044
chembl_stereo_001056,stereo,0,,
chembl_stereo_000965,stereo,2,0.0,2.375
chembl_stereo_000599,stereo,0,,
chembl_stereo_000669,stereo,0,,
chembl_stereo_000768,stereo,0,,
chembl_stereo_000810,stereo,0,,
chembl_stereo_001949,stereo,0,,
chembl_stereo_000136,stereo,0,,
chembl_stereo_000094,stereo,0,,
chembl_stereo_000565,stereo,0,,
chembl_stereo_001069,stereo,1,1.0,0.020000000000000462
chembl_stereo_000908,stereo,2,1.0,0.6500000000000004
chembl_stereo_000043,stereo,0,,
chembl_stereo_000981,stereo,0,,
chembl_stereo_001931,stereo,2,1.0,0.0649999999999995
chembl_stereo_000029,stereo,0,,
chembl_stereo_001260,stereo,0,,
chembl_stereo_000264,stereo,2,1.0,0.7149999999999999
chembl_stereo_001223,stereo,0,,
chembl_stereo_000572,stereo,1,1.0,0.08000000000000007
chembl_stereo_000306,stereo,0,,
chembl_stereo_000351,stereo,0,,
chembl_stereo_000867,stereo,0,,
chembl_stereo_000101,stereo,0,,
chembl_stereo_001296,stereo,0,,
chembl_stereo_001962,stereo,0,,
chembl_stereo_000700,stereo,5,1.0,0.08000000000000007
chembl_stereo_000709,stereo,0,,
chembl_stereo_000106,stereo,0,,
chembl_stereo_001074,stereo,2,1.0,0.19499999999999984
chembl_stereo_000348,stereo,0,,
