artifact,task,relation,dose,n_seeds,did_label_adjusted_minus_decoy_mean,did_label_adjusted_minus_decoy_boot_ci_low,did_label_adjusted_minus_decoy_boot_ci_high,did_label_adjusted_minus_decoy_boot_positive_rate,linear_affected_coef_minus_decoy_mean,linear_affected_coef_minus_decoy_boot_ci_low,linear_affected_coef_minus_decoy_boot_ci_high,linear_affected_coef_minus_decoy_boot_positive_rate,linear_affected_coef_minus_decoy_support,label_adjusted_effect_ci,linear_adjusted_effect_ci,ci_positive
phase0_tf_bbbp_stereo_changed_aff82_d20,bbbp,exact,20,12,0.0500471643455678,-0.0167982740228492,0.1119911798118846,0.929,0.0336002550184555,-0.010171691306966,0.0791922284754711,0.927,directional_positive,"0.0500 [-0.0168, 0.1120]","0.0336 [-0.0102, 0.0792]",False
phase0_tf_confirm_top_len158_extra,bace,random,1,4,0.026295628766033,-0.0550205301985785,0.1103450009135575,0.714,0.0197651470862163,-0.0442359468633442,0.0802760259968476,0.75275,unstable_or_null,"0.0263 [-0.0550, 0.1103]","0.0198 [-0.0442, 0.0803]",False
phase0_tf_aff128_probe,tox21_mmp,parent,1,12,0.0230472862001499,-0.0022249704272895,0.0475894948027454,0.9635,0.0188215386501119,0.0009012886875213,0.0370448855301593,0.98025,ci_positive,"0.0230 [-0.0022, 0.0476]","0.0188 [0.0009, 0.0370]",True
phase0_gru_bbbp_stereo_changed_aff82_d20_lowtrain05,bbbp,exact,20,12,0.018245946598267,-0.0033797636785927,0.0561131512784077,0.83125,0.0073217101004581,-0.0035448039421526,0.0249784222786462,0.77425,unstable_or_null,"0.0182 [-0.0034, 0.0561]","0.0073 [-0.0035, 0.0250]",False
phase0_tf_bbbp_stereo_changed_aff82_d20,bbbp,random,20,12,0.0157217065839866,-0.0417329462785472,0.057272523379958,0.75625,0.0080812993733836,-0.0236716376021212,0.0385853115833678,0.69325,unstable_or_null,"0.0157 [-0.0417, 0.0573]","0.0081 [-0.0237, 0.0386]",False
phase0_tf_aff128_probe,tox21_are,exact,20,4,0.0154569559528373,-0.0143160096940365,0.0452299215997111,0.8625,0.0118324831739552,-0.00116957656882,0.0248345429167305,0.959,directional_positive,"0.0155 [-0.0143, 0.0452]","0.0118 [-0.0012, 0.0248]",False
phase0_tf_aff128_probe,bbbp,random,20,4,0.0149297033136603,-0.0066486555100149,0.0389098339974365,0.88475,0.0134255665006227,-0.0011342651587208,0.0321056694732895,0.96025,directional_positive,"0.0149 [-0.0066, 0.0389]","0.0134 [-0.0011, 0.0321]",False
phase0_tf_confirm_top_len158_extra,bbbp,random,20,12,0.014381347832018,-0.0062777503333633,0.0335826905529129,0.91525,0.0147981079027824,6.551752388831203e-05,0.0290200302520138,0.97575,ci_positive,"0.0144 [-0.0063, 0.0336]","0.0148 [0.0001, 0.0290]",True
phase0_tf_confirm_top_len158_extra,tox21_mmp,parent,1,12,0.0142106692220148,-0.0321068291870113,0.0614685212623111,0.723,0.0221144338902097,-0.0049786296621113,0.04774003648882,0.949,directional_positive,"0.0142 [-0.0321, 0.0615]","0.0221 [-0.0050, 0.0477]",False
phase0_tf_bbbp_stereo_changed_aff82_d20,bbbp,stereo,20,12,0.0127419220295293,-0.0375143086806904,0.0615984153888738,0.67825,-0.0063102727043146,-0.0401312893305994,0.0269672690639816,0.34925,unstable_or_null,"0.0127 [-0.0375, 0.0616]","-0.0063 [-0.0401, 0.0270]",False
phase0_tf_confirm_top_len158_extra,tox21_ahr,random,1,12,0.012453391399954,-0.0190156657624419,0.0479636414040414,0.7665,0.0088559707434047,-0.0116403085073163,0.0255580120377661,0.81425,directional_positive,"0.0125 [-0.0190, 0.0480]","0.0089 [-0.0116, 0.0256]",False
phase0_tf_confirm_top_len158_extra,hiv,exact,20,12,0.0117478906871741,-0.0204699846667553,0.0458659765861091,0.76125,0.0176412410447692,-0.0131852736039362,0.0500950349852061,0.86275,directional_positive,"0.0117 [-0.0205, 0.0459]","0.0176 [-0.0132, 0.0501]",False
phase0_tf_confirm_top_len158_extra,tox21_are,exact,20,12,0.009836609432501,-0.0223716169885434,0.040673894644024,0.73725,0.0072184035465107,-0.0155828257700555,0.0285911319795068,0.73675,unstable_or_null,"0.0098 [-0.0224, 0.0407]","0.0072 [-0.0156, 0.0286]",False
phase0_tf_confirm_top_len158_extra,tox21_ahr,exact,20,12,0.009147136971594,-0.0555389332901845,0.0666176654116358,0.63225,0.0113332082013813,-0.03440490982308,0.0515770591512295,0.7065,unstable_or_null,"0.0091 [-0.0555, 0.0666]","0.0113 [-0.0344, 0.0516]",False
phase0_tf_aff128_probe,hiv,exact,20,4,0.0081144613450009,-0.0376272493855221,0.0493398559104363,0.6315,-0.0100275488954077,-0.036573894466074,0.013888881270846,0.21525,unstable_or_null,"0.0081 [-0.0376, 0.0493]","-0.0100 [-0.0366, 0.0139]",False
phase0_tf_aff128_probe,tox21_ahr,exact,20,4,0.0070839154132592,-0.0094070159389977,0.0343539255622703,0.68675,0.0026580902191953,-0.0103448659834244,0.0193029594481345,0.58275,unstable_or_null,"0.0071 [-0.0094, 0.0344]","0.0027 [-0.0103, 0.0193]",False
phase0_tf_bbbp_stereo_changed_aff82_d20_lowtrain05,bbbp,stereo,20,24,0.0060926903134924,-0.0203573662451024,0.0339195724670573,0.66925,-0.003496993380291,-0.0214915573560191,0.0139733237978508,0.344,unstable_or_null,"0.0061 [-0.0204, 0.0339]","-0.0035 [-0.0215, 0.0140]",False
phase0_tf_bbbp_stereo_changed_aff82_d20_lowtrain05,bbbp,exact,20,24,0.0057069082191683,-0.0180072409621487,0.0292262577592448,0.685,-0.0022899424370474,-0.0197512219564349,0.0163311091386724,0.405,unstable_or_null,"0.0057 [-0.0180, 0.0292]","-0.0023 [-0.0198, 0.0163]",False
phase0_tf_confirm_top_len158_extra,sider_gastro,exact,1,12,0.0045274597748576,-0.0096789584944268,0.0184356329552058,0.7485,0.0058145938800027,-0.0065265455794957,0.0173497621993946,0.83225,directional_positive,"0.0045 [-0.0097, 0.0184]","0.0058 [-0.0065, 0.0173]",False
phase0_tf_mmp_aff128_isolated,tox21_mmp,parent,1,12,0.0042016969884219,-0.0149564218396535,0.023748246050121,0.65825,0.0018608243899537,-0.0123533005365278,0.0173061929542989,0.59425,unstable_or_null,"0.0042 [-0.0150, 0.0237]","0.0019 [-0.0124, 0.0173]",False
phase0_tf_bbbp_stereo_changed_aff82_d20_lowtrain05,bbbp,random,20,12,0.0037543197330174,-0.0265102462974619,0.0361271498657074,0.58225,0.0058642531905916,-0.016897550403252,0.0298585910223016,0.68325,unstable_or_null,"0.0038 [-0.0265, 0.0361]","0.0059 [-0.0169, 0.0299]",False
phase0_tf_bbbp_stereo_changed_aff82_d20_lowtrain25,bbbp,stereo,20,12,0.0035343630376303,-0.0287560409493269,0.0361429930009825,0.59025,0.0208576012766692,0.0036583836027743,0.0380051126016191,0.9905,ci_positive,"0.0035 [-0.0288, 0.0361]","0.0209 [0.0037, 0.0380]",True
phase0_tf_mmp_stereo_changed_aff128_d20,tox21_mmp,exact,20,12,0.0030572971157819,-0.0210220764481897,0.0246273290011031,0.624,0.0021529550578342,-0.0176749320891971,0.020151178743341,0.602,unstable_or_null,"0.0031 [-0.0210, 0.0246]","0.0022 [-0.0177, 0.0202]",False
phase0_gin_bbbp_stereo_changed_aff82_d20_lowtrain05,bbbp,stereo,20,12,0.0028235565687557,-0.0559694508802078,0.0610039636776238,0.555,0.0124629900173531,-0.001969757311223,0.0249676854675685,0.9625,directional_positive,"0.0028 [-0.0560, 0.0610]","0.0125 [-0.0020, 0.0250]",False
phase0_tf_confirm_top_len158_extra,clintox_tox,exact,1,4,0.0021189521902646,-0.0105271171403182,0.0145169998222327,0.64275,0.0009870031719091,-0.0044489126910864,0.0055794228689946,0.637,unstable_or_null,"0.0021 [-0.0105, 0.0145]","0.0010 [-0.0044, 0.0056]",False
phase0_tf_confirm_top_len158_extra,hiv,random,20,4,0.0013814228739406,-0.0243349474887153,0.0303777254922156,0.54525,0.0050637431230745,-0.0228147202993386,0.0299676585153368,0.647,unstable_or_null,"0.0014 [-0.0243, 0.0304]","0.0051 [-0.0228, 0.0300]",False
phase0_tf_confirm_top_len158_extra,tox21_mmp,exact,1,12,0.0003900039375287,-0.0289515852674662,0.0272428185621346,0.525,0.0008437532657455,-0.0178630962187281,0.0181666469117143,0.53425,unstable_or_null,"0.0004 [-0.0290, 0.0272]","0.0008 [-0.0179, 0.0182]",False
phase0_tf_mmp_stereo_changed_aff128_d20,tox21_mmp,stereo,20,12,0.0001622873764525,-0.0206154588108801,0.0217167040979645,0.51475,-0.0010072581194668,-0.0233195673011087,0.0219373336947122,0.45,unstable_or_null,"0.0002 [-0.0206, 0.0217]","-0.0010 [-0.0233, 0.0219]",False
phase0_gru_bbbp_stereo_changed_aff82_d20_lowtrain05,bbbp,random,20,12,-0.001417049304394,-0.0075856033450146,0.0042015817288597,0.3305,-0.000209149095447,-0.0035686492615983,0.002842212414906,0.45475,unstable_or_null,"-0.0014 [-0.0076, 0.0042]","-0.0002 [-0.0036, 0.0028]",False
phase0_tf_mmp_aff128_isolated,tox21_mmp,exact,1,12,-0.0024709288570948,-0.0232714144139584,0.0196479322581678,0.41325,-0.0019638940428218,-0.017484767126856,0.0155717345676337,0.39125,unstable_or_null,"-0.0025 [-0.0233, 0.0196]","-0.0020 [-0.0175, 0.0156]",False
phase0_tf_aff128_probe,tox21_mmp,exact,1,12,-0.0029149147720902,-0.0250879892903027,0.017328041895949,0.3995,-0.0033236949461568,-0.0219715984469469,0.0129873377329561,0.36625,unstable_or_null,"-0.0029 [-0.0251, 0.0173]","-0.0033 [-0.0220, 0.0130]",False
phase0_tf_bbbp_stereo_changed_aff82_d20_lowtrain02,bbbp,exact,20,12,-0.0039075228776575,-0.0264378935886358,0.0155315294481203,0.37675,-0.0013653938836818,-0.0144535725504038,0.0097190539356376,0.4175,unstable_or_null,"-0.0039 [-0.0264, 0.0155]","-0.0014 [-0.0145, 0.0097]",False
phase0_gru_bbbp_stereo_changed_aff82_d20_lowtrain05,bbbp,stereo,20,12,-0.0040938249320907,-0.0067620319700183,-0.0007578295237669,0.0105,-0.0025244614455145,-0.0060618043399827,0.0010778690737188,0.075,directional_negative,"-0.0041 [-0.0068, -0.0008]","-0.0025 [-0.0061, 0.0011]",False
phase0_tf_confirm_top_len158_extra,hiv,parent,5,4,-0.0052369227827165,-0.0634287142046744,0.0620949698705326,0.3755,-0.0086739988367778,-0.0558760346385853,0.0460248929133965,0.34775,unstable_or_null,"-0.0052 [-0.0634, 0.0621]","-0.0087 [-0.0559, 0.0460]",False
phase0_tf_confirm_top_len158_extra,bbbp,stereo,5,12,-0.0052764724864845,-0.021994305467677,0.0123178806113178,0.27075,-0.0018947097930813,-0.018262316899795,0.0167997658965906,0.41225,unstable_or_null,"-0.0053 [-0.0220, 0.0123]","-0.0019 [-0.0183, 0.0168]",False
phase0_tf_confirm_top_len158_extra,clintox_fda,stereo,1,4,-0.0055580547659432,-0.0099983291731428,-0.0011177803587437,0.0,-0.0037216062348143,-0.007631789858494,-0.0002113137580358,0.00425,directional_negative,"-0.0056 [-0.0100, -0.0011]","-0.0037 [-0.0076, -0.0002]",False
phase0_tf_confirm_top_len158_extra,bbbp,parent,5,4,-0.0068121219955911,-0.0363294713416985,0.0227052273505162,0.3205,-0.0053286664124069,-0.0312864693660331,0.0206291365412191,0.3225,unstable_or_null,"-0.0068 [-0.0363, 0.0227]","-0.0053 [-0.0313, 0.0206]",False
phase0_tf_bbbp_stereo_changed_aff82_d20_lowtrain25,bbbp,exact,20,12,-0.0082787481792994,-0.0451905849979855,0.0274759866771492,0.33425,0.0234262655235065,-0.009175753167727,0.0554074659719454,0.92275,directional_positive,"-0.0083 [-0.0452, 0.0275]","0.0234 [-0.0092, 0.0554]",False
phase0_tf_confirm_top_len158_extra,sider_gastro,random,1,12,-0.0095301240554977,-0.0339812881981577,0.0069977224244503,0.1895,-0.0123946772199641,-0.0372031436301189,0.0039496007403574,0.11975,directional_negative,"-0.0095 [-0.0340, 0.0070]","-0.0124 [-0.0372, 0.0039]",False
phase0_tf_bbbp_stereo_changed_aff82_d20_lowtrain02,bbbp,stereo,20,12,-0.010698572204294,-0.0341145130010295,0.0118076557096038,0.18525,-0.0131465225060821,-0.0292933217235174,-0.0005273318677704,0.019,directional_negative,"-0.0107 [-0.0341, 0.0118]","-0.0131 [-0.0293, -0.0005]",False
phase0_tf_confirm_top_len158_extra,sider_gastro,tautomer,5,4,-0.0109824938195398,-0.0497127656140553,0.0145445062070172,0.3145,-0.0080019121666968,-0.0407837985469454,0.0148456813076614,0.31775,unstable_or_null,"-0.0110 [-0.0497, 0.0145]","-0.0080 [-0.0408, 0.0148]",False
phase0_tf_confirm_top_len158_extra,tox21_mmp,random,5,4,-0.0114430702787723,-0.0598257318570263,0.0183281424686388,0.3155,0.0046533244308674,-0.0038562779216033,0.0131629267833383,0.86,directional_positive,"-0.0114 [-0.0598, 0.0183]","0.0047 [-0.0039, 0.0132]",False
phase0_gin_bbbp_stereo_changed_aff82_d20_lowtrain05,bbbp,random,20,12,-0.0129659953478395,-0.0726317132501141,0.0409866988475441,0.33075,0.000384487967844,-0.0177818416468242,0.0165649503035959,0.5305,unstable_or_null,"-0.0130 [-0.0726, 0.0410]","0.0004 [-0.0178, 0.0166]",False
phase0_tf_confirm_top_len158_extra,tox21_are,random,1,4,-0.0158079893463854,-0.0532679536928944,0.0158192215528298,0.26875,-0.000999700720177,-0.0171820671730316,0.0151826657326775,0.4455,unstable_or_null,"-0.0158 [-0.0533, 0.0158]","-0.0010 [-0.0172, 0.0152]",False
phase0_tf_aff128_probe,tox21_ahr,random,1,4,-0.0186036531120382,-0.0337278173839958,-0.0024619614165686,0.00425,-0.0104879791596813,-0.0254187510716666,0.0019064162761626,0.036,directional_negative,"-0.0186 [-0.0337, -0.0025]","-0.0105 [-0.0254, 0.0019]",False
phase0_gin_bbbp_stereo_changed_aff82_d20_lowtrain05,bbbp,exact,20,12,-0.019355366081207,-0.0733733935283046,0.0299154052076788,0.22825,-0.0008095885808087,-0.0206853501364285,0.0193474486143736,0.47175,unstable_or_null,"-0.0194 [-0.0734, 0.0299]","-0.0008 [-0.0207, 0.0193]",False
phase0_tf_confirm_top_len158_extra,tox21_are,stereo,5,4,-0.0213621075180676,-0.091808215727656,0.0247936266226243,0.301,-0.0352554669531757,-0.0943499371959322,-0.0020017451695946,0.0,directional_negative,"-0.0214 [-0.0918, 0.0248]","-0.0353 [-0.0943, -0.0020]",False
phase0_tf_bbbp_stereo_changed_aff82_d20_lowtrain25,bbbp,random,20,12,-0.0273525027356807,-0.0759480871269429,0.0166430304930063,0.1195,-0.0054625047119764,-0.0397033349448558,0.0218640164367731,0.40025,unstable_or_null,"-0.0274 [-0.0759, 0.0166]","-0.0055 [-0.0397, 0.0219]",False
phase0_tf_confirm_top_len158_extra,bace,exact,20,4,-0.0330265640199077,-0.0677197022205142,-0.0023423938126471,0.004,-0.0017789077982711,-0.037743640247485,0.035341495470012,0.3505,unstable_or_null,"-0.0330 [-0.0677, -0.0023]","-0.0018 [-0.0377, 0.0353]",False
phase0_tf_confirm_top_len158_extra,tox21_mmp,stereo,20,4,-0.040154744085347,-0.1189944612660374,0.0302106239609216,0.15525,-0.012872624435389,-0.0514656578110828,0.0309269653149684,0.2535,unstable_or_null,"-0.0402 [-0.1190, 0.0302]","-0.0129 [-0.0515, 0.0309]",False
phase0_tf_confirm_top_len158_extra,clintox_fda,parent,20,4,-0.0455903358685994,-0.1118205973619484,0.0009655924019048,0.05475,-0.0366160660751166,-0.1010509648665262,0.0027168052364265,0.05575,directional_negative,"-0.0456 [-0.1118, 0.0010]","-0.0366 [-0.1011, 0.0027]",False
