audit,injection_relation,dose,detector,tasks,clean_hit_rate,injection_recall,incremental_hit_rate,changed_queries,changed_only_recall
bbbp_stereo_changed_aff82_d20,decoy,20,canonical,1,0.0,0.0,0.0,82,0.0
bbbp_stereo_changed_aff82_d20,decoy,20,parent,1,0.2804878048780488,0.0,0.0,82,0.0
bbbp_stereo_changed_aff82_d20,decoy,20,raw,1,0.0,0.0,0.0,82,0.0
bbbp_stereo_changed_aff82_d20,decoy,20,stereo,1,0.2682926829268293,0.0,0.0,82,0.0
bbbp_stereo_changed_aff82_d20,decoy,20,tautomer,1,0.0609756097560975,0.0,0.0,82,0.0
bbbp_stereo_changed_aff82_d20,exact,20,canonical,1,0.0,1.0,1.0,0,
bbbp_stereo_changed_aff82_d20,exact,20,raw,1,0.0,0.0121951219512195,0.0121951219512195,0,
bbbp_stereo_changed_aff82_d20,random,20,canonical,1,0.0,1.0,1.0,0,
bbbp_stereo_changed_aff82_d20,random,20,raw,1,0.0,0.0,0.0,0,
bbbp_stereo_changed_aff82_d20,stereo,20,canonical,1,0.0,0.0,0.0,82,0.0
bbbp_stereo_changed_aff82_d20,stereo,20,raw,1,0.0,0.0,0.0,82,0.0
bbbp_stereo_changed_aff82_d20,stereo,20,stereo,1,0.2682926829268293,1.0,0.7317073170731707,82,1.0
confirm_top,decoy,1,canonical,9,0.0,0.0,0.0,576,0.0
confirm_top,decoy,1,parent,9,0.1076388888888889,0.0,0.0,576,0.0
confirm_top,decoy,1,raw,9,0.0,0.0,0.0,576,0.0
confirm_top,decoy,1,stereo,9,0.0607638888888888,0.0,0.0,576,0.0
confirm_top,decoy,1,tautomer,9,0.0277777777777777,0.0,0.0,576,0.0
confirm_top,decoy,5,canonical,9,0.0,0.0,0.0,576,0.0
confirm_top,decoy,5,parent,9,0.1076388888888889,0.0,0.0,576,0.0
confirm_top,decoy,5,raw,9,0.0,0.0,0.0,576,0.0
confirm_top,decoy,5,stereo,9,0.0607638888888888,0.0,0.0,576,0.0
confirm_top,decoy,5,tautomer,9,0.0277777777777777,0.0,0.0,576,0.0
confirm_top,decoy,20,canonical,9,0.0,0.0,0.0,576,0.0
confirm_top,decoy,20,parent,9,0.1076388888888889,0.0,0.0,576,0.0
confirm_top,decoy,20,raw,9,0.0,0.0,0.0,576,0.0
confirm_top,decoy,20,stereo,9,0.0607638888888888,0.0,0.0,576,0.0
confirm_top,decoy,20,tautomer,9,0.0277777777777777,0.0,0.0,576,0.0
confirm_top,exact,1,canonical,9,0.0,1.0,1.0,0,
confirm_top,exact,1,raw,9,0.0,0.4322916666666667,0.4322916666666667,0,
confirm_top,exact,5,canonical,9,0.0,1.0,1.0,0,
confirm_top,exact,5,raw,9,0.0,0.4322916666666667,0.4322916666666667,0,
confirm_top,exact,20,canonical,9,0.0,1.0,1.0,0,
confirm_top,exact,20,raw,9,0.0,0.4322916666666667,0.4322916666666667,0,
confirm_top,parent,1,canonical,9,0.0,0.7378472222222222,0.7378472222222222,151,0.0
confirm_top,parent,1,parent,9,0.1076388888888889,1.0,0.8923611111111112,151,1.0
confirm_top,parent,1,raw,9,0.0,0.4097222222222222,0.4097222222222222,151,0.0
confirm_top,parent,5,canonical,9,0.0,0.7378472222222222,0.7378472222222222,151,0.0
confirm_top,parent,5,parent,9,0.1076388888888889,1.0,0.8923611111111112,151,1.0
confirm_top,parent,5,raw,9,0.0,0.4097222222222222,0.4097222222222222,151,0.0
confirm_top,parent,20,canonical,9,0.0,0.7378472222222222,0.7378472222222222,151,0.0
confirm_top,parent,20,parent,9,0.1076388888888889,1.0,0.8923611111111112,151,1.0
confirm_top,parent,20,raw,9,0.0,0.4097222222222222,0.4097222222222222,151,0.0
confirm_top,random,1,canonical,9,0.0,1.0,1.0,0,
confirm_top,random,1,raw,9,0.0,0.0034722222222222,0.0034722222222222,0,
confirm_top,random,5,canonical,9,0.0,1.0,1.0,0,
confirm_top,random,5,raw,9,0.0,0.0104166666666666,0.0104166666666666,0,
confirm_top,random,20,canonical,9,0.0,1.0,1.0,0,
confirm_top,random,20,raw,9,0.0,0.0451388888888888,0.0451388888888888,0,
confirm_top,stereo,1,canonical,9,0.0,0.6996527777777778,0.6996527777777778,173,0.0
confirm_top,stereo,1,raw,9,0.0,0.3506944444444444,0.3506944444444444,173,0.0
confirm_top,stereo,1,stereo,9,0.0607638888888888,1.0,0.9392361111111112,173,1.0
confirm_top,stereo,5,canonical,9,0.0,0.6996527777777778,0.6996527777777778,173,0.0
confirm_top,stereo,5,raw,9,0.0,0.3506944444444444,0.3506944444444444,173,0.0
confirm_top,stereo,5,stereo,9,0.0607638888888888,1.0,0.9392361111111112,173,1.0
confirm_top,stereo,20,canonical,9,0.0,0.6996527777777778,0.6996527777777778,173,0.0
confirm_top,stereo,20,raw,9,0.0,0.3506944444444444,0.3506944444444444,173,0.0
confirm_top,stereo,20,stereo,9,0.0607638888888888,1.0,0.9392361111111112,173,1.0
confirm_top,tautomer,1,canonical,9,0.0,0.8125,0.8125,108,0.0
confirm_top,tautomer,1,raw,9,0.0,0.3819444444444444,0.3819444444444444,108,0.0
confirm_top,tautomer,1,tautomer,9,0.0277777777777777,1.0,0.9722222222222222,108,1.0
confirm_top,tautomer,5,canonical,9,0.0,0.8125,0.8125,108,0.0
confirm_top,tautomer,5,raw,9,0.0,0.3819444444444444,0.3819444444444444,108,0.0
confirm_top,tautomer,5,tautomer,9,0.0277777777777777,1.0,0.9722222222222222,108,1.0
confirm_top,tautomer,20,canonical,9,0.0,0.8125,0.8125,108,0.0
confirm_top,tautomer,20,raw,9,0.0,0.3819444444444444,0.3819444444444444,108,0.0
confirm_top,tautomer,20,tautomer,9,0.0277777777777777,1.0,0.9722222222222222,108,1.0
mmp_stereo_changed_aff128_d20,decoy,20,canonical,1,0.0,0.0,0.0,128,0.0
mmp_stereo_changed_aff128_d20,decoy,20,parent,1,0.1875,0.0,0.0,128,0.0
mmp_stereo_changed_aff128_d20,decoy,20,raw,1,0.0,0.0,0.0,128,0.0
mmp_stereo_changed_aff128_d20,decoy,20,stereo,1,0.4140625,0.0,0.0,128,0.0
mmp_stereo_changed_aff128_d20,decoy,20,tautomer,1,0.078125,0.0,0.0,128,0.0
mmp_stereo_changed_aff128_d20,exact,20,canonical,1,0.0,1.0,1.0,0,
mmp_stereo_changed_aff128_d20,exact,20,raw,1,0.0,0.859375,0.859375,0,
mmp_stereo_changed_aff128_d20,stereo,20,canonical,1,0.0,0.0,0.0,128,0.0
mmp_stereo_changed_aff128_d20,stereo,20,raw,1,0.0,0.0,0.0,128,0.0
mmp_stereo_changed_aff128_d20,stereo,20,stereo,1,0.4140625,1.0,0.5859375,128,1.0
