artifact,task,detector,detector_family,n_queries,n_clean_scanned,clean_background_hit_rate,mean_clean_match_score,max_clean_match_score
phase0_tf_confirm_top_len158_extra,bace,canonical,exact_identity,64,5000,0.0,0.0,0.0
phase0_tf_confirm_top_len158_extra,bace,ecfp70,ecfp_similarity,64,5000,0.0625,0.47408579259097716,0.8392857142857143
phase0_tf_confirm_top_len158_extra,bace,ecfp80,ecfp_similarity,64,5000,0.03125,0.47408579259097716,0.8392857142857143
phase0_tf_confirm_top_len158_extra,bace,ecfp90,ecfp_similarity,64,5000,0.0,0.47408579259097716,0.8392857142857143
phase0_tf_confirm_top_len158_extra,bace,parent,semantic_lattice,64,5000,0.0,0.0,0.0
phase0_tf_confirm_top_len158_extra,bace,raw,exact_identity,64,5000,0.0,0.0,0.0
phase0_tf_confirm_top_len158_extra,bace,scaffold,scaffold,64,5000,0.0,0.0,0.0
phase0_tf_confirm_top_len158_extra,bace,stereo,semantic_lattice,64,5000,0.0,0.0,0.0
phase0_tf_confirm_top_len158_extra,bace,tautomer,semantic_lattice,64,5000,0.0,0.0,0.0
phase0_tf_confirm_top_len158_extra,bbbp,canonical,exact_identity,64,5000,0.0,0.0,0.0
phase0_tf_confirm_top_len158_extra,bbbp,ecfp70,ecfp_similarity,64,5000,0.046875,0.46649485676311087,1.0
phase0_tf_confirm_top_len158_extra,bbbp,ecfp80,ecfp_similarity,64,5000,0.015625,0.46649485676311087,1.0
phase0_tf_confirm_top_len158_extra,bbbp,ecfp90,ecfp_similarity,64,5000,0.015625,0.46649485676311087,1.0
phase0_tf_confirm_top_len158_extra,bbbp,parent,semantic_lattice,64,5000,0.015625,0.015625,1.0
phase0_tf_confirm_top_len158_extra,bbbp,raw,exact_identity,64,5000,0.0,0.0,0.0
phase0_tf_confirm_top_len158_extra,bbbp,scaffold,scaffold,64,5000,0.171875,0.46875,6.0
phase0_tf_confirm_top_len158_extra,bbbp,stereo,semantic_lattice,64,5000,0.015625,0.015625,1.0
phase0_tf_confirm_top_len158_extra,bbbp,tautomer,semantic_lattice,64,5000,0.0,0.0,0.0
phase0_tf_confirm_top_len158_extra,clintox_fda,canonical,exact_identity,64,5000,0.0,0.0,0.0
phase0_tf_confirm_top_len158_extra,clintox_fda,ecfp70,ecfp_similarity,64,5000,0.046875,0.45571739213234264,0.8823529411764706
phase0_tf_confirm_top_len158_extra,clintox_fda,ecfp80,ecfp_similarity,64,5000,0.046875,0.45571739213234264,0.8823529411764706
phase0_tf_confirm_top_len158_extra,clintox_fda,ecfp90,ecfp_similarity,64,5000,0.0,0.45571739213234264,0.8823529411764706
phase0_tf_confirm_top_len158_extra,clintox_fda,parent,semantic_lattice,64,5000,0.015625,0.015625,1.0
phase0_tf_confirm_top_len158_extra,clintox_fda,raw,exact_identity,64,5000,0.0,0.0,0.0
phase0_tf_confirm_top_len158_extra,clintox_fda,scaffold,scaffold,64,5000,0.3125,0.84375,6.0
phase0_tf_confirm_top_len158_extra,clintox_fda,stereo,semantic_lattice,64,5000,0.0,0.0,0.0
phase0_tf_confirm_top_len158_extra,clintox_fda,tautomer,semantic_lattice,64,5000,0.0,0.0,0.0
phase0_tf_confirm_top_len158_extra,clintox_tox,canonical,exact_identity,64,5000,0.0,0.0,0.0
phase0_tf_confirm_top_len158_extra,clintox_tox,ecfp70,ecfp_similarity,64,5000,0.046875,0.45571739213234264,0.8823529411764706
phase0_tf_confirm_top_len158_extra,clintox_tox,ecfp80,ecfp_similarity,64,5000,0.046875,0.45571739213234264,0.8823529411764706
phase0_tf_confirm_top_len158_extra,clintox_tox,ecfp90,ecfp_similarity,64,5000,0.0,0.45571739213234264,0.8823529411764706
phase0_tf_confirm_top_len158_extra,clintox_tox,parent,semantic_lattice,64,5000,0.015625,0.015625,1.0
phase0_tf_confirm_top_len158_extra,clintox_tox,raw,exact_identity,64,5000,0.0,0.0,0.0
phase0_tf_confirm_top_len158_extra,clintox_tox,scaffold,scaffold,64,5000,0.3125,0.84375,6.0
phase0_tf_confirm_top_len158_extra,clintox_tox,stereo,semantic_lattice,64,5000,0.0,0.0,0.0
phase0_tf_confirm_top_len158_extra,clintox_tox,tautomer,semantic_lattice,64,5000,0.0,0.0,0.0
phase0_tf_confirm_top_len158_extra,hiv,canonical,exact_identity,64,5000,0.0,0.0,0.0
phase0_tf_confirm_top_len158_extra,hiv,ecfp70,ecfp_similarity,64,5000,0.015625,0.37073112537576935,0.8
phase0_tf_confirm_top_len158_extra,hiv,ecfp80,ecfp_similarity,64,5000,0.015625,0.37073112537576935,0.8
phase0_tf_confirm_top_len158_extra,hiv,ecfp90,ecfp_similarity,64,5000,0.0,0.37073112537576935,0.8
phase0_tf_confirm_top_len158_extra,hiv,parent,semantic_lattice,64,5000,0.0,0.0,0.0
phase0_tf_confirm_top_len158_extra,hiv,raw,exact_identity,64,5000,0.0,0.0,0.0
phase0_tf_confirm_top_len158_extra,hiv,scaffold,scaffold,64,5000,0.3125,0.609375,2.0
phase0_tf_confirm_top_len158_extra,hiv,stereo,semantic_lattice,64,5000,0.0,0.0,0.0
phase0_tf_confirm_top_len158_extra,hiv,tautomer,semantic_lattice,64,5000,0.0,0.0,0.0
phase0_tf_confirm_top_len158_extra,sider_gastro,canonical,exact_identity,64,5000,0.0,0.0,0.0
phase0_tf_confirm_top_len158_extra,sider_gastro,ecfp70,ecfp_similarity,64,5000,0.171875,0.47887402181213956,1.0
phase0_tf_confirm_top_len158_extra,sider_gastro,ecfp80,ecfp_similarity,64,5000,0.03125,0.47887402181213956,1.0
phase0_tf_confirm_top_len158_extra,sider_gastro,ecfp90,ecfp_similarity,64,5000,0.015625,0.47887402181213956,1.0
phase0_tf_confirm_top_len158_extra,sider_gastro,parent,semantic_lattice,64,5000,0.03125,0.03125,1.0
phase0_tf_confirm_top_len158_extra,sider_gastro,raw,exact_identity,64,5000,0.0,0.0,0.0
phase0_tf_confirm_top_len158_extra,sider_gastro,scaffold,scaffold,64,5000,0.296875,0.8125,6.0
phase0_tf_confirm_top_len158_extra,sider_gastro,stereo,semantic_lattice,64,5000,0.015625,0.015625,1.0
phase0_tf_confirm_top_len158_extra,sider_gastro,tautomer,semantic_lattice,64,5000,0.0,0.0,0.0
phase0_tf_confirm_top_len158_extra,tox21_ahr,canonical,exact_identity,64,5000,0.0,0.0,0.0
phase0_tf_confirm_top_len158_extra,tox21_ahr,ecfp70,ecfp_similarity,64,5000,0.015625,0.4342548179086131,0.7407407407407407
phase0_tf_confirm_top_len158_extra,tox21_ahr,ecfp80,ecfp_similarity,64,5000,0.0,0.4342548179086131,0.7407407407407407
phase0_tf_confirm_top_len158_extra,tox21_ahr,ecfp90,ecfp_similarity,64,5000,0.0,0.4342548179086131,0.7407407407407407
phase0_tf_confirm_top_len158_extra,tox21_ahr,parent,semantic_lattice,64,5000,0.015625,0.015625,1.0
phase0_tf_confirm_top_len158_extra,tox21_ahr,raw,exact_identity,64,5000,0.0,0.0,0.0
phase0_tf_confirm_top_len158_extra,tox21_ahr,scaffold,scaffold,64,5000,0.421875,1.453125,6.0
phase0_tf_confirm_top_len158_extra,tox21_ahr,stereo,semantic_lattice,64,5000,0.0,0.0,0.0
phase0_tf_confirm_top_len158_extra,tox21_ahr,tautomer,semantic_lattice,64,5000,0.0,0.0,0.0
phase0_tf_confirm_top_len158_extra,tox21_are,canonical,exact_identity,64,5000,0.0,0.0,0.0
phase0_tf_confirm_top_len158_extra,tox21_are,ecfp70,ecfp_similarity,64,5000,0.03125,0.4193491154665844,0.7407407407407407
phase0_tf_confirm_top_len158_extra,tox21_are,ecfp80,ecfp_similarity,64,5000,0.0,0.4193491154665844,0.7407407407407407
phase0_tf_confirm_top_len158_extra,tox21_are,ecfp90,ecfp_similarity,64,5000,0.0,0.4193491154665844,0.7407407407407407
phase0_tf_confirm_top_len158_extra,tox21_are,parent,semantic_lattice,64,5000,0.03125,0.03125,1.0
phase0_tf_confirm_top_len158_extra,tox21_are,raw,exact_identity,64,5000,0.0,0.0,0.0
phase0_tf_confirm_top_len158_extra,tox21_are,scaffold,scaffold,64,5000,0.328125,0.953125,6.0
phase0_tf_confirm_top_len158_extra,tox21_are,stereo,semantic_lattice,64,5000,0.0,0.0,0.0
phase0_tf_confirm_top_len158_extra,tox21_are,tautomer,semantic_lattice,64,5000,0.015625,0.015625,1.0
phase0_tf_confirm_top_len158_extra,tox21_mmp,canonical,exact_identity,64,5000,0.0,0.0,0.0
phase0_tf_confirm_top_len158_extra,tox21_mmp,ecfp70,ecfp_similarity,64,5000,0.0625,0.4445782776782695,1.0
phase0_tf_confirm_top_len158_extra,tox21_mmp,ecfp80,ecfp_similarity,64,5000,0.046875,0.4445782776782695,1.0
phase0_tf_confirm_top_len158_extra,tox21_mmp,ecfp90,ecfp_similarity,64,5000,0.015625,0.4445782776782695,1.0
phase0_tf_confirm_top_len158_extra,tox21_mmp,parent,semantic_lattice,64,5000,0.015625,0.015625,1.0
phase0_tf_confirm_top_len158_extra,tox21_mmp,raw,exact_identity,64,5000,0.0,0.0,0.0
phase0_tf_confirm_top_len158_extra,tox21_mmp,scaffold,scaffold,64,5000,0.453125,1.140625,6.0
phase0_tf_confirm_top_len158_extra,tox21_mmp,stereo,semantic_lattice,64,5000,0.015625,0.015625,1.0
phase0_tf_confirm_top_len158_extra,tox21_mmp,tautomer,semantic_lattice,64,5000,0.015625,0.015625,1.0
