source,relation_group,metric,cells,clusters,mean,ci_low,ci_high
changed_sample5k,semantic_all,best_exact_changed_recall,2,2,0.0,0.0,0.0
changed_sample5k,semantic_all,best_similarity_changed_recall,2,2,1.0,1.0,1.0
changed_sample5k,semantic_all,best_similarity_net_changed_recall,2,2,1.0,1.0,1.0
changed_sample5k,semantic_all,lattice_changed_recall,2,2,1.0,1.0,1.0
changed_sample5k,semantic_all,lattice_gain_vs_exact,2,2,1.0,1.0,1.0
changed_sample5k,semantic_all,lattice_gain_vs_similarity,2,2,0.0,0.0,0.0
changed_sample5k,semantic_all,lattice_loss_rate_vs_similarity,2,2,0.0,0.0,0.0
changed_sample5k,semantic_all,lattice_tie_rate_vs_similarity,2,2,1.0,1.0,1.0
changed_sample5k,semantic_all,lattice_win_rate_vs_exact,2,2,1.0,1.0,1.0
changed_sample5k,semantic_all,lattice_win_rate_vs_similarity,2,2,0.0,0.0,0.0
changed_sample5k,stereo,best_exact_changed_recall,2,2,0.0,0.0,0.0
changed_sample5k,stereo,best_similarity_changed_recall,2,2,1.0,1.0,1.0
changed_sample5k,stereo,best_similarity_net_changed_recall,2,2,1.0,1.0,1.0
changed_sample5k,stereo,lattice_changed_recall,2,2,1.0,1.0,1.0
changed_sample5k,stereo,lattice_gain_vs_exact,2,2,1.0,1.0,1.0
changed_sample5k,stereo,lattice_gain_vs_similarity,2,2,0.0,0.0,0.0
changed_sample5k,stereo,lattice_loss_rate_vs_similarity,2,2,0.0,0.0,0.0
changed_sample5k,stereo,lattice_tie_rate_vs_similarity,2,2,1.0,1.0,1.0
changed_sample5k,stereo,lattice_win_rate_vs_exact,2,2,1.0,1.0,1.0
changed_sample5k,stereo,lattice_win_rate_vs_similarity,2,2,0.0,0.0,0.0
confirm_top_sample5k,parent,best_exact_changed_recall,27,9,0.0,0.0,0.0
confirm_top_sample5k,parent,best_similarity_changed_recall,27,9,0.8894696089818042,0.7831978319783198,0.9841269841269842
confirm_top_sample5k,parent,best_similarity_net_changed_recall,27,9,0.8888909052781004,0.7830728158472061,0.9841269841269842
confirm_top_sample5k,parent,lattice_changed_recall,27,9,1.0,1.0,1.0
confirm_top_sample5k,parent,lattice_gain_vs_exact,27,9,1.0,1.0,1.0
confirm_top_sample5k,parent,lattice_gain_vs_similarity,27,9,0.11110909472189959,0.01587301587301587,0.21692718415279394
confirm_top_sample5k,parent,lattice_loss_rate_vs_similarity,27,9,0.0,0.0,0.0
confirm_top_sample5k,parent,lattice_tie_rate_vs_similarity,27,9,0.5555555555555556,0.2222222222222222,0.8888888888888888
confirm_top_sample5k,parent,lattice_win_rate_vs_exact,27,9,1.0,1.0,1.0
confirm_top_sample5k,parent,lattice_win_rate_vs_similarity,27,9,0.4444444444444444,0.1111111111111111,0.7777777777777778
confirm_top_sample5k,semantic_all,best_exact_changed_recall,78,9,0.0,0.0,0.0
confirm_top_sample5k,semantic_all,best_similarity_changed_recall,78,9,0.8410118889098348,0.78191471409049,0.8900377400377399
confirm_top_sample5k,semantic_all,best_similarity_net_changed_recall,78,9,0.8408115683970143,0.7819017340949631,0.889932117855203
confirm_top_sample5k,semantic_all,lattice_changed_recall,78,9,1.0,1.0,1.0
confirm_top_sample5k,semantic_all,lattice_gain_vs_exact,78,9,1.0,1.0,1.0
confirm_top_sample5k,semantic_all,lattice_gain_vs_similarity,78,9,0.15918843160298554,0.11006788214479697,0.21809826590503634
confirm_top_sample5k,semantic_all,lattice_loss_rate_vs_similarity,78,9,0.0,0.0,0.0
confirm_top_sample5k,semantic_all,lattice_tie_rate_vs_similarity,78,9,0.5,0.4,0.6
confirm_top_sample5k,semantic_all,lattice_win_rate_vs_exact,78,9,1.0,1.0,1.0
confirm_top_sample5k,semantic_all,lattice_win_rate_vs_similarity,78,9,0.5,0.4,0.6
confirm_top_sample5k,stereo,best_exact_changed_recall,24,8,0.0,0.0,0.0
confirm_top_sample5k,stereo,best_similarity_changed_recall,24,8,1.0,1.0,1.0
confirm_top_sample5k,stereo,best_similarity_net_changed_recall,24,8,1.0,1.0,1.0
confirm_top_sample5k,stereo,lattice_changed_recall,24,8,1.0,1.0,1.0
confirm_top_sample5k,stereo,lattice_gain_vs_exact,24,8,1.0,1.0,1.0
confirm_top_sample5k,stereo,lattice_gain_vs_similarity,24,8,0.0,0.0,0.0
confirm_top_sample5k,stereo,lattice_loss_rate_vs_similarity,24,8,0.0,0.0,0.0
confirm_top_sample5k,stereo,lattice_tie_rate_vs_similarity,24,8,1.0,1.0,1.0
confirm_top_sample5k,stereo,lattice_win_rate_vs_exact,24,8,1.0,1.0,1.0
confirm_top_sample5k,stereo,lattice_win_rate_vs_similarity,24,8,0.0,0.0,0.0
confirm_top_sample5k,tautomer,best_exact_changed_recall,27,9,0.0,0.0,0.0
confirm_top_sample5k,tautomer,best_similarity_changed_recall,27,9,0.6512314034243859,0.4758824460140249,0.7934395489987593
confirm_top_sample5k,tautomer,best_similarity_net_changed_recall,27,9,0.6512314034243859,0.4758824460140249,0.7934395489987593
confirm_top_sample5k,tautomer,lattice_changed_recall,27,9,1.0,1.0,1.0
confirm_top_sample5k,tautomer,lattice_gain_vs_exact,27,9,1.0,1.0,1.0
confirm_top_sample5k,tautomer,lattice_gain_vs_similarity,27,9,0.34876859657561415,0.20656045100124046,0.5241175539859747
confirm_top_sample5k,tautomer,lattice_loss_rate_vs_similarity,27,9,0.0,0.0,0.0
confirm_top_sample5k,tautomer,lattice_tie_rate_vs_similarity,27,9,0.0,0.0,0.0
confirm_top_sample5k,tautomer,lattice_win_rate_vs_exact,27,9,1.0,1.0,1.0
confirm_top_sample5k,tautomer,lattice_win_rate_vs_similarity,27,9,1.0,1.0,1.0
