scenario,method,method_group,source_type,is_proposed,relation_typed,certificate_ready,repeat_seeds,cells_per_repeat,changed_only_recall_mean_std,clean_background_hit_rate_mean_std,background_and_decoy_adjusted_mean_std,background_and_decoy_adjusted_mean
all_semantic_changed,chemtrace_relation_lattice,proposed,self_rerun,True,True,True,5,81,1.0000 +/- 0.0000,0.0036 +/- 0.0032,0.9963 +/- 0.0033,0.9962740384615385
all_semantic_changed,lohi_high_similarity_split,recent_same_task,adapted_rerun,False,False,False,5,81,0.9267 +/- 0.0000,0.0465 +/- 0.0155,0.8783 +/- 0.0155,0.8782780608619023
all_semantic_changed,inchikey_connectivity_identity,direct_mechanism,self_rerun,False,False,False,5,81,0.8286 +/- 0.0000,0.0125 +/- 0.0099,0.8156 +/- 0.0103,0.8155793099711586
all_semantic_changed,chemical_science_audit_bundle,recent_same_task,adapted_rerun,False,False,False,5,81,0.9332 +/- 0.0000,0.1674 +/- 0.0343,0.7639 +/- 0.0342,0.7638938638116269
all_semantic_changed,morgan_minhash,direct_mechanism,adapted_rerun,False,False,False,5,81,0.7387 +/- 0.0000,0.0076 +/- 0.0050,0.7308 +/- 0.0052,0.7308069537971656
all_semantic_changed,morgan_ecfp80,recent_same_task,self_rerun,False,False,False,5,81,0.7303 +/- 0.0000,0.0069 +/- 0.0044,0.7231 +/- 0.0046,0.723102928486433
all_semantic_changed,tdc_polaris_curation_bundle,recent_same_task,adapted_rerun,False,False,False,5,81,0.8627 +/- 0.0000,0.1653 +/- 0.0367,0.6956 +/- 0.0367,0.6955612563784099
all_semantic_changed,datasail_similarity_cluster,recent_same_task,adapted_rerun,False,False,False,5,81,0.8584 +/- 0.0000,0.1694 +/- 0.0403,0.6870 +/- 0.0409,0.6870468752649433
all_semantic_changed,murcko_scaffold,recent_same_task,self_rerun,False,False,False,5,81,0.7946 +/- 0.0000,0.1608 +/- 0.0397,0.6321 +/- 0.0400,0.6321389635895411
all_semantic_changed,smiles_shingle_minhash,direct_mechanism,adapted_rerun,False,False,False,5,81,0.8964 +/- 0.0000,0.2597 +/- 0.0127,0.6162 +/- 0.0126,0.616211902607557
all_semantic_changed,inchikey_full_identity,direct_mechanism,self_rerun,False,False,False,5,81,0.0973 +/- 0.0000,0.0038 +/- 0.0053,0.0934 +/- 0.0055,0.0933835778488378
all_semantic_changed,canonical_smiles_identity,classic,self_rerun,False,False,False,5,81,0.0000 +/- 0.0000,0.0000 +/- 0.0000,0.0000 +/- 0.0000,0.0
all_semantic_changed,raw_smiles_identity,classic,self_rerun,False,False,False,5,81,0.0000 +/- 0.0000,0.0000 +/- 0.0000,0.0000 +/- 0.0000,0.0
cold_start_scaffold_absent,chemtrace_relation_lattice,proposed,self_rerun,True,True,True,5,81,1.0000 +/- 0.0000,0.0025 +/- 0.0027,0.9975 +/- 0.0026,0.9975393223271656
cold_start_scaffold_absent,chemical_science_audit_bundle,recent_same_task,adapted_rerun,False,False,False,5,81,0.9236 +/- 0.0061,0.0080 +/- 0.0078,0.9149 +/- 0.0131,0.9149081769312135
cold_start_scaffold_absent,lohi_high_similarity_split,recent_same_task,adapted_rerun,False,False,False,5,81,0.9262 +/- 0.0023,0.0330 +/- 0.0194,0.8899 +/- 0.0199,0.8898810468668519
cold_start_scaffold_absent,tdc_polaris_curation_bundle,recent_same_task,adapted_rerun,False,False,False,5,81,0.8481 +/- 0.0063,0.0055 +/- 0.0056,0.8418 +/- 0.0108,0.8418230618742717
cold_start_scaffold_absent,datasail_similarity_cluster,recent_same_task,adapted_rerun,False,False,False,5,81,0.8455 +/- 0.0043,0.0110 +/- 0.0071,0.8336 +/- 0.0106,0.8335810867395195
cold_start_scaffold_absent,inchikey_connectivity_identity,direct_mechanism,self_rerun,False,False,False,5,81,0.8235 +/- 0.0057,0.0065 +/- 0.0078,0.8169 +/- 0.0126,0.8168986295937379
cold_start_scaffold_absent,murcko_scaffold,recent_same_task,self_rerun,False,False,False,5,81,0.7775 +/- 0.0071,0.0000 +/- 0.0000,0.7770 +/- 0.0069,0.7769633811885229
cold_start_scaffold_absent,morgan_minhash,direct_mechanism,adapted_rerun,False,False,False,5,81,0.7437 +/- 0.0084,0.0015 +/- 0.0024,0.7421 +/- 0.0088,0.742097918043429
cold_start_scaffold_absent,morgan_ecfp80,recent_same_task,self_rerun,False,False,False,5,81,0.7362 +/- 0.0078,0.0015 +/- 0.0024,0.7346 +/- 0.0082,0.7346258857413656
cold_start_scaffold_absent,smiles_shingle_minhash,direct_mechanism,adapted_rerun,False,False,False,5,81,0.9205 +/- 0.0088,0.2406 +/- 0.0242,0.6650 +/- 0.0234,0.6650444826997159
cold_start_scaffold_absent,inchikey_full_identity,direct_mechanism,self_rerun,False,False,False,5,81,0.0831 +/- 0.0103,0.0041 +/- 0.0056,0.0790 +/- 0.0138,0.0789745716427451
cold_start_scaffold_absent,canonical_smiles_identity,classic,self_rerun,False,False,False,5,81,0.0000 +/- 0.0000,0.0000 +/- 0.0000,0.0000 +/- 0.0000,0.0
cold_start_scaffold_absent,raw_smiles_identity,classic,self_rerun,False,False,False,5,81,0.0000 +/- 0.0000,0.0000 +/- 0.0000,0.0000 +/- 0.0000,0.0
high_background_similarity_ge_0_70,chemtrace_relation_lattice,proposed,self_rerun,True,True,True,5,27,1.0000 +/- 0.0000,0.0839 +/- 0.1007,0.8203 +/- 0.2435,0.8203174603174602
high_background_similarity_ge_0_70,inchikey_connectivity_identity,direct_mechanism,self_rerun,False,False,False,5,27,0.9000 +/- 0.1374,0.3617 +/- 0.2722,0.4826 +/- 0.1073,0.4826031746031746
high_background_similarity_ge_0_70,morgan_ecfp80,recent_same_task,self_rerun,False,False,False,5,27,0.8181 +/- 0.1359,0.3900 +/- 0.3024,0.3943 +/- 0.1892,0.39434920634920634
high_background_similarity_ge_0_70,morgan_minhash,direct_mechanism,adapted_rerun,False,False,False,5,27,0.8324 +/- 0.1445,0.4233 +/- 0.3448,0.3642 +/- 0.1930,0.3641904761904762
high_background_similarity_ge_0_70,murcko_scaffold,recent_same_task,self_rerun,False,False,False,5,27,0.8581 +/- 0.1210,0.4678 +/- 0.2494,0.3278 +/- 0.0914,0.32780952380952383
high_background_similarity_ge_0_70,chemical_science_audit_bundle,recent_same_task,adapted_rerun,False,False,False,5,27,0.9000 +/- 0.1374,0.5211 +/- 0.2544,0.3234 +/- 0.0911,0.3233650793650794
high_background_similarity_ge_0_70,tdc_polaris_curation_bundle,recent_same_task,adapted_rerun,False,False,False,5,27,0.8581 +/- 0.1210,0.5211 +/- 0.2544,0.2815 +/- 0.1229,0.28146031746031747
high_background_similarity_ge_0_70,smiles_shingle_minhash,direct_mechanism,adapted_rerun,False,False,False,5,27,0.9162 +/- 0.1268,0.7544 +/- 0.1350,0.1011 +/- 0.2740,0.10112169312169314
high_background_similarity_ge_0_70,canonical_smiles_identity,classic,self_rerun,False,False,False,5,27,0.0000 +/- 0.0000,0.0000 +/- 0.0000,0.0000 +/- 0.0000,0.0
high_background_similarity_ge_0_70,inchikey_full_identity,direct_mechanism,self_rerun,False,False,False,5,27,0.0000 +/- 0.0000,0.0000 +/- 0.0000,0.0000 +/- 0.0000,0.0
high_background_similarity_ge_0_70,raw_smiles_identity,classic,self_rerun,False,False,False,5,27,0.0000 +/- 0.0000,0.0000 +/- 0.0000,0.0000 +/- 0.0000,0.0
high_background_similarity_ge_0_70,datasail_similarity_cluster,recent_same_task,adapted_rerun,False,False,False,5,27,0.9000 +/- 0.1374,1.0000 +/- 0.0000,-0.1000 +/- 0.1374,-0.1
high_background_similarity_ge_0_70,lohi_high_similarity_split,recent_same_task,adapted_rerun,False,False,False,5,27,0.9000 +/- 0.1374,1.0000 +/- 0.0000,-0.3552 +/- 0.3665,-0.35523809523809524
long_tail_scaffold_count_le_1,chemtrace_relation_lattice,proposed,self_rerun,True,True,True,5,81,1.0000 +/- 0.0000,0.0033 +/- 0.0031,0.9965 +/- 0.0033,0.996535337709345
long_tail_scaffold_count_le_1,lohi_high_similarity_split,recent_same_task,adapted_rerun,False,False,False,5,81,0.9261 +/- 0.0007,0.0398 +/- 0.0227,0.8834 +/- 0.0217,0.8833986468229625
long_tail_scaffold_count_le_1,inchikey_connectivity_identity,direct_mechanism,self_rerun,False,False,False,5,81,0.8283 +/- 0.0003,0.0117 +/- 0.0102,0.8162 +/- 0.0104,0.8161701374921583
long_tail_scaffold_count_le_1,chemical_science_audit_bundle,recent_same_task,adapted_rerun,False,False,False,5,81,0.9332 +/- 0.0002,0.1275 +/- 0.0260,0.8031 +/- 0.0241,0.8031372149729737
long_tail_scaffold_count_le_1,tdc_polaris_curation_bundle,recent_same_task,adapted_rerun,False,False,False,5,81,0.8617 +/- 0.0011,0.1254 +/- 0.0280,0.7338 +/- 0.0264,0.7338310439131984
long_tail_scaffold_count_le_1,morgan_minhash,direct_mechanism,adapted_rerun,False,False,False,5,81,0.7387 +/- 0.0013,0.0070 +/- 0.0052,0.7314 +/- 0.0045,0.731439886373466
long_tail_scaffold_count_le_1,datasail_similarity_cluster,recent_same_task,adapted_rerun,False,False,False,5,81,0.8568 +/- 0.0015,0.1299 +/- 0.0307,0.7244 +/- 0.0293,0.7244380897347291
long_tail_scaffold_count_le_1,morgan_ecfp80,recent_same_task,self_rerun,False,False,False,5,81,0.7302 +/- 0.0012,0.0062 +/- 0.0048,0.7237 +/- 0.0041,0.7237466879976069
long_tail_scaffold_count_le_1,murcko_scaffold,recent_same_task,self_rerun,False,False,False,5,81,0.7928 +/- 0.0017,0.1207 +/- 0.0266,0.6698 +/- 0.0250,0.669832502724144
long_tail_scaffold_count_le_1,smiles_shingle_minhash,direct_mechanism,adapted_rerun,False,False,False,5,81,0.9012 +/- 0.0067,0.2536 +/- 0.0329,0.6286 +/- 0.0406,0.6286121834974904
long_tail_scaffold_count_le_1,inchikey_full_identity,direct_mechanism,self_rerun,False,False,False,5,81,0.0990 +/- 0.0017,0.0039 +/- 0.0053,0.0950 +/- 0.0070,0.09502085364819288
long_tail_scaffold_count_le_1,canonical_smiles_identity,classic,self_rerun,False,False,False,5,81,0.0000 +/- 0.0000,0.0000 +/- 0.0000,0.0000 +/- 0.0000,0.0
long_tail_scaffold_count_le_1,raw_smiles_identity,classic,self_rerun,False,False,False,5,81,0.0000 +/- 0.0000,0.0000 +/- 0.0000,0.0000 +/- 0.0000,0.0
ood_low_similarity_lt_0_70,chemtrace_relation_lattice,proposed,self_rerun,True,True,True,5,81,1.0000 +/- 0.0000,0.0021 +/- 0.0024,0.9978 +/- 0.0025,0.9977756330755737
ood_low_similarity_lt_0_70,lohi_high_similarity_split,recent_same_task,adapted_rerun,False,False,False,5,81,0.9279 +/- 0.0016,0.0290 +/- 0.0110,0.8994 +/- 0.0108,0.8994103254090297
ood_low_similarity_lt_0_70,inchikey_connectivity_identity,direct_mechanism,self_rerun,False,False,False,5,81,0.8274 +/- 0.0015,0.0061 +/- 0.0075,0.8211 +/- 0.0081,0.821054957358205
ood_low_similarity_lt_0_70,chemical_science_audit_bundle,recent_same_task,adapted_rerun,False,False,False,5,81,0.9329 +/- 0.0013,0.1599 +/- 0.0347,0.7713 +/- 0.0343,0.7713488947322832
ood_low_similarity_lt_0_70,morgan_minhash,direct_mechanism,adapted_rerun,False,False,False,5,81,0.7356 +/- 0.0024,0.0000 +/- 0.0000,0.7356 +/- 0.0024,0.735607557486649
ood_low_similarity_lt_0_70,morgan_ecfp80,recent_same_task,self_rerun,False,False,False,5,81,0.7271 +/- 0.0022,0.0000 +/- 0.0000,0.7271 +/- 0.0022,0.7270629901825628
ood_low_similarity_lt_0_70,tdc_polaris_curation_bundle,recent_same_task,adapted_rerun,False,False,False,5,81,0.8616 +/- 0.0015,0.1578 +/- 0.0373,0.7024 +/- 0.0371,0.7023577389086437
ood_low_similarity_lt_0_70,datasail_similarity_cluster,recent_same_task,adapted_rerun,False,False,False,5,81,0.8574 +/- 0.0018,0.1542 +/- 0.0407,0.7019 +/- 0.0408,0.7018548793541385
ood_low_similarity_lt_0_70,murcko_scaffold,recent_same_task,self_rerun,False,False,False,5,81,0.7929 +/- 0.0014,0.1542 +/- 0.0407,0.6374 +/- 0.0412,0.637373365152816
ood_low_similarity_lt_0_70,smiles_shingle_minhash,direct_mechanism,adapted_rerun,False,False,False,5,81,0.8949 +/- 0.0020,0.2507 +/- 0.0158,0.6251 +/- 0.0170,0.6251148307257549
ood_low_similarity_lt_0_70,inchikey_full_identity,direct_mechanism,self_rerun,False,False,False,5,81,0.0992 +/- 0.0007,0.0039 +/- 0.0054,0.0951 +/- 0.0058,0.0951436537393547
ood_low_similarity_lt_0_70,canonical_smiles_identity,classic,self_rerun,False,False,False,5,81,0.0000 +/- 0.0000,0.0000 +/- 0.0000,0.0000 +/- 0.0000,0.0
ood_low_similarity_lt_0_70,raw_smiles_identity,classic,self_rerun,False,False,False,5,81,0.0000 +/- 0.0000,0.0000 +/- 0.0000,0.0000 +/- 0.0000,0.0
warm_start_scaffold_present,chemtrace_relation_lattice,proposed,self_rerun,True,True,True,5,81,1.0000 +/- 0.0000,0.0142 +/- 0.0127,0.9795 +/- 0.0182,0.9794888753222086
warm_start_scaffold_present,inchikey_connectivity_identity,direct_mechanism,self_rerun,False,False,False,5,81,0.9240 +/- 0.0410,0.0654 +/- 0.0481,0.8572 +/- 0.0777,0.8571920363587031
warm_start_scaffold_present,lohi_high_similarity_split,recent_same_task,adapted_rerun,False,False,False,5,81,0.9174 +/- 0.0489,0.1340 +/- 0.0823,0.7789 +/- 0.1249,0.7789369771596939
warm_start_scaffold_present,morgan_minhash,direct_mechanism,adapted_rerun,False,False,False,5,81,0.6616 +/- 0.1254,0.0559 +/- 0.0395,0.6039 +/- 0.1553,0.6039346319983574
warm_start_scaffold_present,morgan_ecfp80,recent_same_task,self_rerun,False,False,False,5,81,0.6375 +/- 0.1214,0.0535 +/- 0.0388,0.5826 +/- 0.1527,0.5826399680566346
warm_start_scaffold_present,smiles_shingle_minhash,direct_mechanism,adapted_rerun,False,False,False,5,81,0.6523 +/- 0.0828,0.3550 +/- 0.0824,0.2550 +/- 0.0882,0.254992509139181
warm_start_scaffold_present,inchikey_full_identity,direct_mechanism,self_rerun,False,False,False,5,81,0.2371 +/- 0.1385,0.0036 +/- 0.0080,0.2336 +/- 0.1349,0.23357473544973545
warm_start_scaffold_present,canonical_smiles_identity,classic,self_rerun,False,False,False,5,81,0.0000 +/- 0.0000,0.0000 +/- 0.0000,0.0000 +/- 0.0000,0.0
warm_start_scaffold_present,raw_smiles_identity,classic,self_rerun,False,False,False,5,81,0.0000 +/- 0.0000,0.0000 +/- 0.0000,0.0000 +/- 0.0000,0.0
warm_start_scaffold_present,chemical_science_audit_bundle,recent_same_task,adapted_rerun,False,False,False,5,81,1.0000 +/- 0.0000,1.0000 +/- 0.0000,-0.0012 +/- 0.0027,-0.0011904761904761904
warm_start_scaffold_present,tdc_polaris_curation_bundle,recent_same_task,adapted_rerun,False,False,False,5,81,1.0000 +/- 0.0000,1.0000 +/- 0.0000,-0.0012 +/- 0.0027,-0.0011904761904761904
warm_start_scaffold_present,datasail_similarity_cluster,recent_same_task,adapted_rerun,False,False,False,5,81,0.9646 +/- 0.0248,1.0000 +/- 0.0000,-0.0366 +/- 0.0266,-0.03660714285714285
warm_start_scaffold_present,murcko_scaffold,recent_same_task,self_rerun,False,False,False,5,81,0.9646 +/- 0.0248,1.0000 +/- 0.0000,-0.0366 +/- 0.0266,-0.03660714285714285
